sep=;
subject;predicate;object;score;path
Keppel Harcourt Barnard;/people/person/place_of_birth;London;5;Keppel Harcourt Barnard>Lambeth>Archbishop of Canterbury>London
Elizabeth Kay;/people/person/place_of_birth;London;5;Elizabeth Kay>Borneo>London
Alisa Arnah;/people/person/place_of_birth;London;5;Alisa Arnah>Royal Academy of Dramatic Art>Doctor Who>London
Robert Jankel;/people/person/place_of_birth;London;5;Robert Jankel>England>London
James Redhouse;/people/person/place_of_birth;London;-3;James Redhouse>American Board of Commissioners for Foreign Missions>Athens>London
Nick Philip;/people/person/place_of_birth;London;5;Nick Philip>Charles Uzzell Edwards>Amsterdam>London
Alice Temple;/people/person/place_of_birth;London;5;Alice Temple>Brother Beyond>England>London
Peter Milligan;/people/person/place_of_birth;London;5;Peter Milligan>X-Force>Professor X>London
Justin Wintle;/people/person/place_of_birth;London;5;Justin Wintle>Julian Wintle>England>London
Benjamin Brecknell Turner;/people/person/place_of_birth;London;5;Benjamin Brecknell Turner>watercolour>British English>London
Russell Stannard;/people/person/place_of_birth;London;5;Russell Stannard>physicist>Ibn al-Haytham>London
Edward Romilly;/people/person/place_of_birth;London;5;Edward Romilly>Porthkerry>Doctor Who>London
William Keasberry;/people/person/place_of_birth;London;5;William Keasberry>Bath, Somerset>England>London
Daniel Joseph Jaffé;/people/person/place_of_birth;London;5;Daniel Joseph Jaffé>England>London
Henry Cecil Leon;/people/person/place_of_birth;London;-5;Henry Cecil Leon>Call to the Bar>Common law>London
Thomas Playfere;/people/person/place_of_birth;London;5;Thomas Playfere>Kent>Archbishop of Canterbury>London
Aamer Haleem;/people/person/place_of_birth;London;5;Aamer Haleem>Canadians>British Isles>London
Jean Ure;/people/person/place_of_birth;London;5;Jean Ure>English people>England>London
Judy Leden;/people/person/place_of_birth;London;-5;Judy Leden>Cardiff>London
Scarlett Strallen;/people/person/place_of_birth;London;5;Scarlett Strallen>The Arts Educational Schools London>England>London
Edward Stone Parker;/people/person/place_of_birth;London;5;Edward Stone Parker>New South Wales>Admiralty>London
Brent Rickles;/people/person/place_of_birth;London;5;Brent Rickles was not a valid article
Adrian Baker;/people/person/place_of_birth;London;5;Adrian Baker>Europe>London
Coral Amiga;/people/person/place_of_birth;London;5;Coral Amiga>television series>EastEnders>London
William Vaughan (bishop);/people/person/place_of_birth;London;5;William Vaughan (bishop)>The Right Reverend>Anglican Communion>London
Harry Freedman (author);/people/person/place_of_birth;London;5;Harry Freedman (author)>United Kingdom>Cornish language>London
Rusty Egan;/people/person/place_of_birth;London;5;Rusty Egan>Punk rock>Drum kit>London
Andrew Bell (minister);/people/person/place_of_birth;London;5;Andrew Bell (minister)>Legislative Assembly of Upper Canada>Dublin>London
Jonathan Wilkins;/people/person/place_of_birth;London;5;Jonathan Wilkins>World Dance Council>Edinburgh>London
Charles Frodsham;/people/person/place_of_birth;London;5;Charles Frodsham>United Kingdom of Great Britain and Ireland>British Empire>London
Frank Pearson;/people/person/place_of_birth;London;-1;Frank Pearson>Australia>Federalism>London
William Mattieu Williams;/people/person/place_of_birth;London;5;William Mattieu Williams>Lambeth>Archbishop of Canterbury>London
Alan Littlejohn;/people/person/place_of_birth;London;5;Alan Littlejohn>England>London
Frank Sayers;/people/person/place_of_birth;London;5;Frank Sayers>St Margaret Pattens>City of London>London
Benjamin Pine;/people/person/place_of_birth;London;5;Benjamin Pine>Gold Coast (British colony)>Colonialism>London
John William Mellor;/people/person/place_of_birth;London;5;John William Mellor>Barrister>London
Thomas Wroth (politician, 17th century);/people/person/place_of_birth;London;5;Thomas Wroth (politician, 17th century)>House of Commons of England>England>London
Gerard Hemsworth;/people/person/place_of_birth;London;5;Gerard Hemsworth>painting>British Museum>London
Geoffrey Stevens (journalist);/people/person/place_of_birth;London;-1;Geoffrey Stevens (journalist)>London, Ontario>England>London
Charles Hastings Doyle;/people/person/place_of_birth;London;5;Charles Hastings Doyle>Charles Tupper>London
Richard Corbould;/people/person/place_of_birth;London;5;Richard Corbould>National Maritime Museum>Belfast>London
Frederic Bayco;/people/person/place_of_birth;London;5;Frederic Bayco>Royal College of Organists>City of London>London
David Parry (folk musician);/people/person/place_of_birth;London;5;David Parry (folk musician)>England>London
Mark Stone (baritone);/people/person/place_of_birth;London;5;Mark Stone (baritone)>Barcelona>London
James William Wallack;/people/person/place_of_birth;London;5;James William Wallack>England>London
Timothy Foote;/people/person/place_of_birth;London;5;Timothy Foote>New York (state)>City>London
Edward Alfred Cowper;/people/person/place_of_birth;London;5;Edward Alfred Cowper>England>London
Jeremy Holmes;/people/person/place_of_birth;London;5;Jeremy Holmes>New Scientist>British English>London
Deepa Kaul;/people/person/place_of_birth;London;5;Deepa Kaul>The Guardian>Clement Attlee>London
Thomas E. Wilson;/people/person/place_of_birth;London;-5;Thomas E. Wilson>The New York Times>Chicago>London
Stephen Griew;/people/person/place_of_birth;London;5;Stephen Griew>Athabasca University>England>London
Thomas Taylor (neoplatonist);/people/person/place_of_birth;London;5;Thomas Taylor (neoplatonist)>Acropolis of Athens>Athens>London
Henry W. Lee;/people/person/place_of_birth;London;5;Henry W. Lee>United Kingdom>Cornish language>London
Lawrence Walford;/people/person/place_of_birth;London;5;Lawrence Walford>The Restoration Man>Cardiff>London
E. W. Dickes;/people/person/place_of_birth;London;5;E. W. Dickes>Admiralty>London
Toby Cockerell;/people/person/place_of_birth;London;5;Toby Cockerell>England>London
Joan Vincent Murray;/people/person/place_of_birth;London;5;Joan Vincent Murray>The New School>Europe>London
Neil Zakiewicz;/people/person/place_of_birth;London;5;Neil Zakiewicz>Dublin>London
Arthur Wakefield;/people/person/place_of_birth;London;-5;Arthur Wakefield>Essex>England>London
Symeon Cosburn;/people/person/place_of_birth;London;5;Symeon Cosburn>England>London
Alain de Cadenet;/people/person/place_of_birth;London;5;Alain de Cadenet>ESPN>BT Group>London
Richard West (journalist);/people/person/place_of_birth;London;5;Richard West (journalist)>Yugoslavia>European Union>London
Desi Williams;/people/person/place_of_birth;London;5;Desi Williams>England>London
Malcolm Cecil;/people/person/place_of_birth;London;5;Malcolm Cecil>jazz>Drum kit>London
Harry Calvert;/people/person/place_of_birth;London;-5;Harry Calvert>Berlin>London
Charles Ejogo;/people/person/place_of_birth;London;5;Charles Ejogo>BT Group>London
Thomas Adams (musician);/people/person/place_of_birth;London;5;Thomas Adams (musician)>England>London
Alaric Alexander Watts;/people/person/place_of_birth;London;5;Alaric Alexander Watts>George Hamilton-Gordon, 4th Earl of Aberdeen>Arthur Wellesley, 1st Duke of Wellington>London
Victor Henny;/people/person/place_of_birth;London;-3;Victor Henny>Salatiga>Borneo>London
Charles Dixon (ornithologist);/people/person/place_of_birth;London;5;Charles Dixon (ornithologist)>English people>England>London
Geoffrey Acland;/people/person/place_of_birth;London;-1;Geoffrey Acland>British people>British Isles>London
Tim Benjamin;/people/person/place_of_birth;London;5;Tim Benjamin>composer>Classical period (music)>London
Henry Neele;/people/person/place_of_birth;London;5;Henry Neele>attorney at law>Common law>London
George FitzGeorge;/people/person/place_of_birth;London;5;George FitzGeorge>Lucerne>Chicago>London
Thomas Morton Harper;/people/person/place_of_birth;London;5;Thomas Morton Harper>England>London
Henry Dawe;/people/person/place_of_birth;London;-5;Henry Dawe>Kentish Town>Campaign for Real Ale>London
Matthew Price;/people/person/place_of_birth;London;5;Matthew Price>England>London
Laurie Allan;/people/person/place_of_birth;London;5;Laurie Allan>English people>England>London
John Edwin (1749–1790);/people/person/place_of_birth;London;5;John Edwin (1749–1790)>England>London
Edmund Hobhouse;/people/person/place_of_birth;London;5;Edmund Hobhouse>New Zealand>Fiji>London
Johnny Mowlem;/people/person/place_of_birth;London;5;Johnny Mowlem>Ecurie Ecosse>Edinburgh>London
Richard Vale;/people/person/place_of_birth;London;5;Richard Vale>England>London
Reginald Brett, 2nd Viscount Esher;/people/person/place_of_birth;London;5;Reginald Brett, 2nd Viscount Esher>Benjamin Disraeli>London
Terry Byrne;/people/person/place_of_birth;London;5;Terry Byrne>Chelsea F.C.>London
Antonia Okonma;/people/person/place_of_birth;London;5;Antonia Okonma>Bad Girls (TV series)>Amsterdam>London
Ursula Hoff;/people/person/place_of_birth;London;5;Ursula Hoff>British Museum>London
Mary Rose Young;/people/person/place_of_birth;London;-5;Mary Rose Young>United Kingdom>Cornish language>London
Neville Maxwell;/people/person/place_of_birth;London;5;Neville Maxwell>McGill University>British Columbia>London
Steven Alexander;/people/person/place_of_birth;London;5;Steven Alexander>New York University>Berlin>London
Sebastian Dacey;/people/person/place_of_birth;London;5;Sebastian Dacey>Berlin>London
George Stone (bishop);/people/person/place_of_birth;London;5;George Stone (bishop)>The Most Reverend>Anglican Communion>London
Alison Waters;/people/person/place_of_birth;London;5;Alison Waters>England>London
Robert Bourne (developer);/people/person/place_of_birth;London;5;Robert Bourne (developer)>entrepreneur>Corporation>London
George Georgiou;/people/person/place_of_birth;London;5;George Georgiou>Vanessa Winship>Balkans>London
Rhett Davies;/people/person/place_of_birth;London;5;Rhett Davies>English people>England>London
Zoe McConnell;/people/person/place_of_birth;London;-1;Zoe McConnell was not a valid article
David J. Farrar;/people/person/place_of_birth;London;5;David J. Farrar>surface-to-air missile>Albert Speer>London
William Main Page;/people/person/place_of_birth;London;5;William Main Page>Edinburgh>London
Frank Holl;/people/person/place_of_birth;London;5;Frank Holl>University College School>England>London
Stan Rosenthal;/people/person/place_of_birth;London;5;Stan Rosenthal was not a valid article
Christopher Hobbs;/people/person/place_of_birth;London;-5;Christopher Hobbs>composer>Classical period (music)>London
John Howard (author);/people/person/place_of_birth;London;5;John Howard (author)>Black Sea>Balkans>London
John Duncombe (writer);/people/person/place_of_birth;London;5;John Duncombe (writer)>England>London
Keith Wiggins;/people/person/place_of_birth;London;5;Keith Wiggins>Great Britain>England>London
Algernon Methuen;/people/person/place_of_birth;London;5;Algernon Methuen>publishing>European Union>London
Jay Neill (actor);/people/person/place_of_birth;London;5;Jay Neill (actor)>Doctor Who>London
Michael Swanton;/people/person/place_of_birth;London;5;Michael Swanton>literary critic>Copenhagen>London
Peter Dowdeswell;/people/person/place_of_birth;London;5;Peter Dowdeswell>recorded history>British Empire>London
John David Hennessey;/people/person/place_of_birth;London;5;John David Hennessey>Queensland>Arthur Phillip>London
Cliff Jones (musician);/people/person/place_of_birth;London;5;Cliff Jones (musician)>Britpop>Drum kit>London
Alfred Hackman;/people/person/place_of_birth;London;-5;Alfred Hackman>Bodleian Library>Francis Bacon>London
Malcolm Wakeford;/people/person/place_of_birth;London;-5;Little River Band>Fleetwood Mac>London
Robin Gillett;/people/person/place_of_birth;London;5;Robin Gillett>Lord Mayor of London>City of London>London
David Vaughan (dance archivist);/people/person/place_of_birth;London;5;David Vaughan (dance archivist)>The New York Times>Chicago>London
William Henry Anderdon;/people/person/place_of_birth;London;5;William Henry Anderdon>Dublin>London
Harry Zvi Tabor;/people/person/place_of_birth;London;5;Harry Zvi Tabor>physicist>Ibn al-Haytham>London
William Byrne (engraver);/people/person/place_of_birth;London;5;William Byrne (engraver)>Claude Lorrain>British Museum>London
Thomas Cole (minister);/people/person/place_of_birth;London;-5;Thomas Cole (minister)>Minister (Christianity)>Anglican Communion>London
Samuel Verblunsky;/people/person/place_of_birth;London;5;Samuel Verblunsky>Magdalene College, Cambridge>Archbishop of Canterbury>London
Janet Coster;/people/person/place_of_birth;London;5;Janet Coster>England>London
Graham Reilly;/people/person/place_of_birth;London;3;Graham Reilly>United Kingdom>Cornish language>London
Thalia Pellegrini;/people/person/place_of_birth;London;5;Thalia Pellegrini>England>London
Bertie Felstead;/people/person/place_of_birth;London;5;Bertie Felstead>England>London
Charles Mayo (Anglo-Saxon scholar);/people/person/place_of_birth;London;5;Charles Mayo (Anglo-Saxon scholar)>Merchant Taylors' School, Northwood>City of London>London
Abraham Aurelius;/people/person/place_of_birth;London;-3;Abraham Aurelius>Leyden>Amsterdam>London
Derrick Leon;/people/person/place_of_birth;London;5;Derrick Leon>John Ruskin>Edinburgh>London
Nick Grosso;/people/person/place_of_birth;London;5;Nick Grosso>Argentina>Federalism>London
George Russell French;/people/person/place_of_birth;London;5;George Russell French>Arthur Wellesley, 1st Duke of Wellington>London
Charles Kennedy Scott;/people/person/place_of_birth;London;-3;Charles Kennedy Scott>Romsey>Black Death>London
William Emery;/people/person/place_of_birth;London;5;William Emery>The Venerable>Anglican Communion>London
Andrew Waterman;/people/person/place_of_birth;London;5;Andrew Waterman>Andrew Waterman (poet)>Woodside, London>London Borough of Croydon>London
William Garnett (civil servant);/people/person/place_of_birth;London;5;William Garnett (civil servant)>Arthur William Garnett>Westmorland>England>London
Alice Harrison;/people/person/place_of_birth;London;5;Alice Harrison>Chicago>London
Ethel Merston;/people/person/place_of_birth;London;5;Ethel Merston>G. I. Gurdjieff>Berlin>London
Wally Stocker;/people/person/place_of_birth;London;5;Wally Stocker>The Babys>England>London
Dmitry Grigorieff;/people/person/place_of_birth;London;5;Dmitry Grigorieff>Dean (religion)>Anglican Communion>London
Gilbert John Arrow;/people/person/place_of_birth;London;5;Gilbert John Arrow>entomologist>Berlin>London
Sampson Low;/people/person/place_of_birth;London;5;Sampson Low>Soho>David Bowie>London
Peter G. Engelman;/people/person/place_of_birth;London;5;Peter G. Engelman>London, England>City of London>London
Mark Farmer (actor);/people/person/place_of_birth;London;5;Mark Farmer (actor)>Grange Hill>EastEnders>London
Joe Daly;/people/person/place_of_birth;London;5;Joe Daly>South Africa>British Empire>London
Isidor Clinton Rubin;/people/person/place_of_birth;London;-3;Isidor Clinton Rubin>Prussia>Berlin>London
Thomas Gerald Room;/people/person/place_of_birth;London;-5;Thomas Gerald Room>England>London
Mehran Khaghani;/people/person/place_of_birth;London;5;Mehran Khaghani>standup comedian>Edinburgh>London
Nigel Preston;/people/person/place_of_birth;London;5;Nigel Preston>England>London
Christopher Headington;/people/person/place_of_birth;London;5;Christopher Headington>England>London
John Barry (set designer);/people/person/place_of_birth;London;5;John Barry (set designer)>Star Wars (film)>Dr. Strangelove>London
Olivia Poulet;/people/person/place_of_birth;London;5;Olivia Poulet>England>London
Robert Briffault;/people/person/place_of_birth;London;1;Robert Briffault>social anthropologist>British Museum>London
Michael Jaffé;/people/person/place_of_birth;London;5;Michael Jaffé>England>London
Stephen Atkinson (metallurgist);/people/person/place_of_birth;London;-5;Stephen Atkinson (metallurgist)>Foster Lane>City of London>London
Barbara C. Freeman;/people/person/place_of_birth;London;-5;Barbara C. Freeman>Enid Blyton>London
Adrian Bowyer;/people/person/place_of_birth;London;5;Adrian Bowyer>Imperial College London>European Union>London
Robb Gravett;/people/person/place_of_birth;London;5;Robb Gravett>United Kingdom>Cornish language>London
Steve Laine;/people/person/place_of_birth;London;5;Steve Laine>Europe>London
David Smith (English politician);/people/person/place_of_birth;London;5;David Smith (English politician)>City of London>London
Gordon Jennings Laing;/people/person/place_of_birth;London;-3;Gordon Jennings Laing>United States>Federalism>London
Tom Arnold (politician);/people/person/place_of_birth;London;5;Tom Arnold (politician)>United Kingdom>Cornish language>London
Guy de Cointet;/people/person/place_of_birth;Paris;5;Guy de Cointet>École des Beaux-Arts de Nancy>Auguste Rodin>Paris
Nick Pugh;/people/person/place_of_birth;Paris;5;Nick Pugh>Europe>Paris
Renaud Gagneux;/people/person/place_of_birth;Paris;5;Renaud Gagneux>composer>Classical period (music)>Paris
Jean Gallon;/people/person/place_of_birth;Paris;5;Jean Gallon>composer>Classical period (music)>Paris
Jane Bathori;/people/person/place_of_birth;Paris;5;Jane Bathori>mezzo-soprano>Gioachino Rossini>Paris
Marcel Alexandre Bertrand;/people/person/place_of_birth;Paris;5;Marcel Alexandre Bertrand>France>French language>Paris
Abel Dimier;/people/person/place_of_birth;Paris;5;Abel Dimier>France>French language>Paris
Bernard Cassen;/people/person/place_of_birth;Paris;5;Bernard Cassen>ATTAC>European Union>Paris
René Renoult;/people/person/place_of_birth;Paris;5;René Renoult>France>French language>Paris
Farid Chopel;/people/person/place_of_birth;Paris;5;Farid Chopel>France>French language>Paris
François Maspero;/people/person/place_of_birth;Paris;5;François Maspero>France>French language>Paris
Thibaut de Reimpré;/people/person/place_of_birth;Paris;5;Thibaut de Reimpré>French people>French language>Paris
Charles Collé;/people/person/place_of_birth;Paris;5;Charles Collé>France>French language>Paris
Bertrand Lamarche;/people/person/place_of_birth;Paris;3;Bertrand Lamarche>Kate Bush>François Truffaut>Paris
Louis Godin;/people/person/place_of_birth;Paris;5;Louis Godin>France>French language>Paris
Elsa Lunghini;/people/person/place_of_birth;Paris;5;Elsa Lunghini>France>French language>Paris
Lucien Laurent Bonheur;/people/person/place_of_birth;Paris;5;Lucien Laurent Bonheur>The New York Times>Chicago>Paris
François-Anne David;/people/person/place_of_birth;Paris;5;François-Anne David>Line engraving>Florence>Paris
Jean Baptiste Claude Chatelain;/people/person/place_of_birth;Paris;5;Jean Baptiste Claude Chatelain>engraving>Albrecht Dürer>Paris
Gérard Granel;/people/person/place_of_birth;Paris;5;Gérard Granel>Bordeaux>Paris
Martin Malvy;/people/person/place_of_birth;Paris;5;Martin Malvy>President of the Regional Council (France)>Guadeloupe>Paris
Claude Piel;/people/person/place_of_birth;Paris;5;Claude Piel>Clermont-Ferrand>Augustus>Paris
Georges Henri Roger;/people/person/place_of_birth;Paris;5;Georges Henri Roger>physiologist>Galen>Paris
Albert Geouffre de Lapradelle;/people/person/place_of_birth;Paris;5;Albert Geouffre de Lapradelle>Columbia University>Paris
Claude Weisz;/people/person/place_of_birth;Paris;5;Claude Weisz>film director>European Union>Paris
Dominique Sanson;/people/person/place_of_birth;Paris;5;Dominique Sanson>France>French language>Paris
Armand Toussaint;/people/person/place_of_birth;Paris;5;Armand Toussaint>École nationale supérieure des Beaux-Arts>Jacques-Louis David>Paris
Hervé Alphand;/people/person/place_of_birth;Paris;5;Hervé Alphand>Ankara>Paris
Pierre Lecomte du Noüy;/people/person/place_of_birth;Paris;5;Pierre Lecomte du Noüy>New York City>Commuter rail>Paris
Alexandre Desgoffe;/people/person/place_of_birth;Paris;5;Alexandre Desgoffe>landscape art>Albrecht Dürer>Paris
Léonce Alloy;/people/person/place_of_birth;Paris;5;Léonce Alloy>France>French language>Paris
Catherine Keller (artist);/people/person/place_of_birth;Paris;5;Catherine Keller (artist)>sculpture>Alabaster>Paris
Patrick Lemarié;/people/person/place_of_birth;Paris;5;Patrick Lemarié>British American Racing>Monaco Grand Prix>Paris
Émile Lévy;/people/person/place_of_birth;Paris;5;Émile Lévy>France>French language>Paris
Pierre Cartellier;/people/person/place_of_birth;Paris;5;Pierre Cartellier>Jacques-Louis David>Paris
Yves Roucaute;/people/person/place_of_birth;Paris;5;Yves Roucaute>Baghdad>Paris
Marianne Peretti;/people/person/place_of_birth;Paris;5;Marianne Peretti>Brasília>Paris
Sébastien Denis;/people/person/place_of_birth;Paris;5;Sébastien Denis>France>French language>Paris
Claude Duflos;/people/person/place_of_birth;Paris;5;Claude Duflos>burin (engraving)>French language>Paris
François Lehideux;/people/person/place_of_birth;Paris;5;François Lehideux>Ford Motor Company>Detroit>Paris
Ibrahim Diarra;/people/person/place_of_birth;Paris;5;Ibrahim Diarra>France>French language>Paris
Philippe Risoli;/people/person/place_of_birth;Paris;5;Philippe Risoli>France>French language>Paris
Ernest Breton;/people/person/place_of_birth;Paris;5;Ernest Breton>Archaeology>Geodesy>Paris
Serge Collot;/people/person/place_of_birth;Paris;5;Serge Collot>Viola>Béla Bartók>Paris
Albert Vizentini;/people/person/place_of_birth;Paris;5;Albert Vizentini>Théâtre de l'Odéon>Arc de Triomphe>Paris
Hippolyte Cloquet;/people/person/place_of_birth;Paris;-3;Hippolyte Cloquet>olfaction>Chlorine>Paris
Antoine Verglas;/people/person/place_of_birth;Paris;5;Antoine Verglas>Claudia Schiffer>Brigitte Bardot>Paris
Cornélie Falcon;/people/person/place_of_birth;Paris;5;Cornélie Falcon>Google Books>Columbia University>Paris
Hélène Carrère d'Encausse;/people/person/place_of_birth;Paris;5;Hélène Carrère d'Encausse>France>French language>Paris
Charles Cotin;/people/person/place_of_birth;Paris;5;Charles Cotin>philosopher>Georg Wilhelm Friedrich Hegel>Paris
Yvette Giraud;/people/person/place_of_birth;Paris;5;Yvette Giraud>France>French language>Paris
Nikos Aliagas;/people/person/place_of_birth;Paris;5;Nikos Aliagas>France>French language>Paris
Marc Sangnier;/people/person/place_of_birth;Paris;5;Marc Sangnier>Pope Benedict XV>Europe>Paris
Georges Hugon;/people/person/place_of_birth;Paris;5;Georges Hugon>Gustave Flaubert>Paris
Ernst Friedrich;/people/person/place_of_birth;Paris;5;Ernst Friedrich was not a valid article
Marie Nicolas Sylvestre Guillon;/people/person/place_of_birth;Paris;5;Marie Nicolas Sylvestre Guillon>Napoleon>Jacques-Louis David>Paris
Constant Ferdinand Burille;/people/person/place_of_birth;Paris;3;Constant Ferdinand Burille>Boston>Commuter rail>Paris
Charles Nicholas Aubé;/people/person/place_of_birth;Paris;5;Charles Nicholas Aubé>entomologist>Berlin>Paris
Henri de Contenson;/people/person/place_of_birth;Paris;5;Henri de Contenson>Archaeologist>Geodesy>Paris
Marthe Chenal;/people/person/place_of_birth;Paris;5;Marthe Chenal>Sapho (Massenet)>Algiers>Paris
Jules Louis Lewal;/people/person/place_of_birth;Paris;5;Jules Louis Lewal>French intervention in Mexico>Édouard Manet>Paris
Frédéric Durieux;/people/person/place_of_birth;Paris;5;Frédéric Durieux>chamber music>Galen>Paris
Henri Nussbaumer;/people/person/place_of_birth;Paris;5;Henri Nussbaumer>Ecole Centrale Paris>Eiffel Tower>Paris
Robert Lecou;/people/person/place_of_birth;Paris;5;Robert Lecou>France>French language>Paris
Alain Ehrenberg;/people/person/place_of_birth;Paris;5;Alain Ehrenberg>Rennes>Bordeaux>Paris
Jean Noël Hallé;/people/person/place_of_birth;Paris;5;Jean Noël Hallé>Antoine Lavoisier>Paris
Léon Gimpel;/people/person/place_of_birth;Paris;5;Léon Gimpel>Strasbourg>European Union>Paris
David Bret;/people/person/place_of_birth;Paris;5;David Bret>working men's club>Europe>Paris
Jules de Gaultier;/people/person/place_of_birth;Paris;5;Jules de Gaultier>Boulogne-sur-Mer>French language>Paris
Louis Mazetier;/people/person/place_of_birth;Paris;5;Louis Mazetier>Paris Washboard>Europe>Paris
Nicolas Colibert;/people/person/place_of_birth;Paris;5;Nicolas Colibert>engraving>Albrecht Dürer>Paris
Julien Noël Costantin;/people/person/place_of_birth;Paris;-3;Julien Noël Costantin>Bordeaux>Paris
Jeanne Deroin;/people/person/place_of_birth;Paris;5;Jeanne Deroin>Olympe de Gouges>Autobiography>Paris
Theophilus de Garencières;/people/person/place_of_birth;Paris;5;Theophilus de Garencières>France>French language>Paris
François Pourfour du Petit;/people/person/place_of_birth;Paris;-1;François Pourfour du Petit>ophthalmologist>Galen>Paris
René Mayer;/people/person/place_of_birth;Paris;5;René Mayer>Prime Minister of France>Bordeaux>Paris
Françoise Claustre;/people/person/place_of_birth;Paris;5;Françoise Claustre>France>French language>Paris
Florent Fidèle Constant Bourgeois;/people/person/place_of_birth;Paris;5;Florent Fidèle Constant Bourgeois>Jacques-Louis David>Paris
Jean Cotelle;/people/person/place_of_birth;Paris;5;Jean Cotelle>Masterpiece>French language>Paris
Adolphe Cohn;/people/person/place_of_birth;Paris;5;Adolphe Cohn>French language>Paris
Jacques d'Agar;/people/person/place_of_birth;Paris;5;Jacques d'Agar>Copenhagen>Paris
André Léri;/people/person/place_of_birth;Paris;5;André Léri>Berlin>Paris
Laurent Boyer;/people/person/place_of_birth;Paris;5;Laurent Boyer>France>French language>Paris
Gabriel Bertrand;/people/person/place_of_birth;Paris;5;Gabriel Bertrand>Institut Pasteur>Bacteriophage>Paris
Germinal Pierre Dandelin;/people/person/place_of_birth;Paris;-3;Germinal Pierre Dandelin>Ghent>Paris
Henry Lerolle;/people/person/place_of_birth;Paris;5;Henry Lerolle>Berthe Morisot>Paris
Louis Dorléans;/people/person/place_of_birth;Paris;5;Louis Dorléans>France>French language>Paris
Paul Lacroix;/people/person/place_of_birth;Paris;5;Paul Lacroix>Napoleon III>Fontainebleau>Paris
Yannick Pouliot;/people/person/place_of_birth;Paris;5;Yannick Pouliot was not a valid article
Christelle Lefranc;/people/person/place_of_birth;Paris;1;Christelle Lefranc>Barcelona>Paris
Lola Artôt de Padilla;/people/person/place_of_birth;Paris;-5;Lola Artôt de Padilla>Sèvres>Dominican Order>Paris
Jacques Autreau;/people/person/place_of_birth;Paris;5;Jacques Autreau>Palace of Versailles>Eiffel Tower>Paris
Hugues Krafft;/people/person/place_of_birth;Paris;5;Hugues Krafft>Japan>Europe>Paris
Dumont de Montigny;/people/person/place_of_birth;Paris;5;Dumont de Montigny>Chicago>Paris
Pierre Joxe;/people/person/place_of_birth;Paris;5;Pierre Joxe>Minister of the Interior (France)>French Armed Forces>Paris
Mathieu Blin;/people/person/place_of_birth;Paris;5;Mathieu Blin>rugby union>Dublin>Paris
Joseph Naudet;/people/person/place_of_birth;Paris;-3;Joseph Naudet>historian>David Hume>Paris
Noël Gallon;/people/person/place_of_birth;Paris;5;Noël Gallon>composer>Classical period (music)>Paris
Alfred Darjou;/people/person/place_of_birth;Paris;5;Alfred Darjou>Hôtel de Ville, Paris>Auguste Rodin>Paris
Michio Ihara;/people/person/place_of_birth;Paris;5;Michio Ihara>Kinetic sculpture>Claude Monet>Paris
Henri Perreyve;/people/person/place_of_birth;Paris;5;Henri Perreyve>Oratory of Jesus>Cardinal (Catholic Church)>Paris
Leon Athanese Gosselin;/people/person/place_of_birth;Paris;3;Léon Athanese Gosselin>Faculté de Médecine de Paris>Guild>Paris
Eugène Brieux;/people/person/place_of_birth;Paris;5;Eugène Brieux>dramatist>Athens>Paris
Jan Bull;/people/person/place_of_birth;Paris;5;Jan Bull>Norway>European Union>Paris
Morris Bear Squire;/people/person/place_of_birth;Chicago;5;Morris Bear Squire>Illinois>Chicago
Johanna Meier;/people/person/place_of_birth;Chicago;5;Johanna Meier>United States of America>North America>Chicago
James Adler;/people/person/place_of_birth;Chicago;5;James Adler>London>Chicago
Wolfgang Baur;/people/person/place_of_birth;Chicago;5;Wolfgang Baur>Illinois>Chicago
Paul Willis (actor);/people/person/place_of_birth;Chicago;5;Paul Willis (actor)>Illinois>Chicago
Al Cotey;/people/person/place_of_birth;Chicago;5;Al Cotey>Chicago, Illinois>Commuter rail>Chicago
Arthur Yoria;/people/person/place_of_birth;Chicago;5;Arthur Yoria>Houston>Chicago
Thomas R. Fitzgerald;/people/person/place_of_birth;Chicago;5;Thomas Fitzgerald>Tom Fitzgerald (ice hockey)>National Hockey League>Chicago
Kip King;/people/person/place_of_birth;Chicago;5;Kip King>Chicago, Illinois>Commuter rail>Chicago
Wallace Bishop;/people/person/place_of_birth;Chicago;5;Wallace Bishop>Illinois>Chicago
Raymond Monsour Scurfield;/people/person/place_of_birth;Chicago;5;Raymond Monsour Scurfield>Los Angeles>Chicago
Carl R. Chindblom;/people/person/place_of_birth;Chicago;5;Carl R. Chindblom>Illinois>Chicago
Mary Jayne Gold;/people/person/place_of_birth;Chicago;5;Mary Jayne Gold>Illinois>Chicago
Axel Leonard Melander;/people/person/place_of_birth;Chicago;5;Axel Leonard Melander>Chicago, Illinois>Commuter rail>Chicago
Dino Wells;/people/person/place_of_birth;Chicago;5;Dino Wells>Prison Break>Los Angeles>Chicago
Joe Zakas;/people/person/place_of_birth;Chicago;5;Joe Zakas>Daniel Anthony Manion>Knute Rockne>Chicago
Tim McGill;/people/person/place_of_birth;Chicago;5;Tim McGill>College football>Chicago
Ron Westrum;/people/person/place_of_birth;Chicago;5;Ron Westrum>sociology>Herbert A. Simon>Chicago
Raymond R. Schumacher;/people/person/place_of_birth;Chicago;5;Raymond R. Schumacher>Chicago Bears>Chicago
Jack Petticord;/people/person/place_of_birth;Chicago;5;Jack Petticord>United States>North America>Chicago
Robert E. Merriam;/people/person/place_of_birth;Chicago;5;Robert E. Merriam>Dwight D. Eisenhower>Chicago
Phillip Jackson (American politician);/people/person/place_of_birth;Chicago;5;Phillip Jackson>Chicago Public Schools>Illinois>Chicago
David Schrader;/people/person/place_of_birth;Chicago;5;David Schrader>Illinois>Chicago
Charlene McMann;/people/person/place_of_birth;Chicago;5;Chicago Blood Cancer Foundation>Chicago Sun-Times>Illinois>Chicago
Brian Bram;/people/person/place_of_birth;Chicago;5;Brian Bram>Cleveland>Chicago
No I.D.;/people/person/place_of_birth;Chicago;3;No I.D.>Illinois>Chicago
Ed Rossbach;/people/person/place_of_birth;Chicago;5;Ed Rossbach>University of Washington>Dale Chihuly>Chicago
Stewart G. Honeck;/people/person/place_of_birth;Chicago;5;Stewart G. Honeck>United States>North America>Chicago
Rick Holbrook;/people/person/place_of_birth;Chicago;5;Rick Holbrook>Chicago, Illinois>Commuter rail>Chicago
Frank Kaderabek;/people/person/place_of_birth;Chicago;5;Frank Kaderabek>Philadelphia Orchestra>NBC>Chicago
Dean Richards (reporter);/people/person/place_of_birth;Chicago;-1;Dean Richards (reporter)>Chicago, Illinois>Commuter rail>Chicago
Steve Bjorklund;/people/person/place_of_birth;Chicago;5;Steve Bjorklund>Chicago, Illinois>Commuter rail>Chicago
Leslie Allen (racing driver);/people/person/place_of_birth;Chicago;5;Leslie Allen (racing driver)>Odell, Illinois>Chicago White Sox>Chicago
James Burnham;/people/person/place_of_birth;Chicago;5;James Burnham>Franklin D. Roosevelt>Chicago
Ruth Fuller Sasaki;/people/person/place_of_birth;Chicago;5;Ruth Fuller Sasaki>United States>North America>Chicago
Bernard Brodie (military strategist);/people/person/place_of_birth;Chicago;5;Bernard Brodie (military strategist)>Illinois>Chicago
William Kraft;/people/person/place_of_birth;Chicago;5;William Kraft>composer>Blues>Chicago
Louis Antonelli;/people/person/place_of_birth;Chicago;5;Louis Antonelli>Illinois>Chicago
Dennis Rea;/people/person/place_of_birth;Chicago;5;Dennis Rea>Guangzhou>Chicago
Nick Dranias;/people/person/place_of_birth;Chicago;5;Nick Dranias was not a valid article
Mary Lou Munts;/people/person/place_of_birth;Chicago;5;Mary Lou Munts>United States>North America>Chicago
Joel Honig;/people/person/place_of_birth;Chicago;5;Joel Honig>Greenwich Village>Chicago
Daniel M. Hausman;/people/person/place_of_birth;Chicago;5;Daniel M. Hausman>Herbert A. Simon>Chicago
Michael Colgrass;/people/person/place_of_birth;Chicago;5;Michael Colgrass>Detroit>Chicago
John Mann Goggin;/people/person/place_of_birth;Chicago;5;John Mann Goggin>Everglades>Casino>Chicago
Fenton Johnson (poet);/people/person/place_of_birth;Chicago;5;Fenton Johnson (poet)>Illinois>Chicago
Donald Kalish;/people/person/place_of_birth;Chicago;5;Donald Kalish>Chicago, Illinois>Commuter rail>Chicago
Lowrell Simon;/people/person/place_of_birth;Chicago;5;Lowrell Simon>United States>North America>Chicago
Jacques Benedict;/people/person/place_of_birth;Chicago;5;Jacques Benedict>Denver>North America>Chicago
Steve Miller (athletics);/people/person/place_of_birth;Chicago;5;Steve Miller (athletics)>Illinois>Chicago
Bill Barminski;/people/person/place_of_birth;Chicago;5;Bill Barminski>artist>Marlon Brando>Chicago
Vincent A. Mahler;/people/person/place_of_birth;Chicago;3;Vincent A. Mahler>Political Science>Moscow>Chicago
Nathan B. Spingold;/people/person/place_of_birth;Chicago;5;Nathan B. Spingold>contract bridge>Internet>Chicago
Paul Conway (archivist);/people/person/place_of_birth;Chicago;5;Paul Conway (archivist)>University of Michigan School of Information>Ann Arbor, Michigan>Chicago
William Francis Whitman, Jr.;/people/person/place_of_birth;Chicago;5;William Francis Whitman Jr.>Miami, Florida>Commuter rail>Chicago
Wendy White (mezzo-soprano);/people/person/place_of_birth;Chicago;5;Wendy White (mezzo-soprano)>The New York Times>Federal Bureau of Investigation>Chicago
Byron Morrow;/people/person/place_of_birth;Chicago;5;Byron Morrow>NBC>Chicago
Francis Davis;/people/person/place_of_birth;Philadelphia;5;Francis Davis>Pennsylvania>Philadelphia
Jim Boyd (actor);/people/person/place_of_birth;Philadelphia;5;Jim Boyd (actor)>Philadelphia, Pennsylvania>Commuter rail>Philadelphia
Spencer Wishart;/people/person/place_of_birth;Philadelphia;5;Spencer Wishart>The New York Times>Grover Cleveland>Philadelphia
Daniel Spielman;/people/person/place_of_birth;Philadelphia;5;Daniel Spielman>Pennsylvania>Philadelphia
Joel Myers;/people/person/place_of_birth;Philadelphia;-5;Joel Myers>Pennsylvania>Philadelphia
Edwin Milton Abbott;/people/person/place_of_birth;Philadelphia;5;Edwin Milton Abbott>United states>Maine>Philadelphia
Festus Walters;/people/person/place_of_birth;Philadelphia;1;Festus Walters>Columbus, Ohio>Philadelphia
Freddy Winnai;/people/person/place_of_birth;Philadelphia;5;Freddy Winnai>Philadelphia, Pennsylvania>Commuter rail>Philadelphia
Harrison Allen;/people/person/place_of_birth;Philadelphia;5;Harrison Allen>United States>Maine>Philadelphia
Benjamin Franklin Bache (journalist);/people/person/place_of_birth;Philadelphia;-3;Benjamin Franklin Bache (journalist)>Benjamin Franklin>Philadelphia
Johnny Zito;/people/person/place_of_birth;Philadelphia;-3;Johnny Zito>Alpha Girls>Schoolly D>Philadelphia
Tom Mattera;/people/person/place_of_birth;Philadelphia;5;Tom Mattera>David Lynch>Philadelphia
Jeff Chandler (boxer);/people/person/place_of_birth;Philadelphia;5;Jeff Chandler (boxer)>Philadelphia, Pennsylvania>Commuter rail>Philadelphia
Dick Stockton;/people/person/place_of_birth;Philadelphia;5;Dick Stockton>Oakland Athletics>Philadelphia
Stanley Corrsin;/people/person/place_of_birth;Philadelphia;5;Stanley Corrsin>United States>Maine>Philadelphia
James Zug;/people/person/place_of_birth;Philadelphia;5;James Zug>Philadelphia, Pennsylvania>Commuter rail>Philadelphia
Richie Dent;/people/person/place_of_birth;Philadelphia;5;Richie Dent was not a valid article
Andrew Repasky McElhinney;/people/person/place_of_birth;Philadelphia;5;Andrew Repasky McElhinney>Marj Dusay>Elvis Presley>Philadelphia
Gloria Mann;/people/person/place_of_birth;Philadelphia;5;Gloria Mann>Pennsylvania>Philadelphia
Tony Trov;/people/person/place_of_birth;Philadelphia;-5;Tony Trov>Alpha Girls>Schoolly D>Philadelphia
Sasha Neulinger;/people/person/place_of_birth;Philadelphia;5;Sasha Neulinger>Pennsylvania>Philadelphia
Bernie Lowe;/people/person/place_of_birth;Philadelphia;5;Bernie Lowe>Elvis Presley>Philadelphia
Stanley Sporkin;/people/person/place_of_birth;Philadelphia;5;Stanley Sporkin>Pennsylvania>Philadelphia
Leon Bass;/people/person/place_of_birth;Philadelphia;5;Leon Bass>Alabama>Philadelphia
Thomas Pole;/people/person/place_of_birth;Philadelphia;5;Thomas Pole>Benjamin Franklin>Philadelphia
Barry Lee Myers;/people/person/place_of_birth;Philadelphia;-3;Barry Lee Myers>Under Secretary of Commerce for Oceans and Atmosphere>President of the United States>Philadelphia
Gregory V. Palmer;/people/person/place_of_birth;Philadelphia;5;Gregory V. Palmer>United States>Maine>Philadelphia
Dave Mazzoni;/people/person/place_of_birth;Philadelphia;5;Dave Mazzoni>David Lynch>Philadelphia
Edwin E. Wagner;/people/person/place_of_birth;Philadelphia;5;Edwin E. Wagner>psychology>Science>Philadelphia
Frank J. Webb;/people/person/place_of_birth;Philadelphia;5;Frank J. Webb>Frederick Douglass>Philadelphia
Lawrence Townsend;/people/person/place_of_birth;Philadelphia;5;Lawrence Townsend>Pennsylvania>Philadelphia
Lou Stein;/people/person/place_of_birth;Philadelphia;5;Lou Stein>Pennsylvania>Philadelphia
Terry Smith (radio);/people/person/place_of_birth;Philadelphia;-3;Terry Smith (sportscaster)>United States>Maine>Philadelphia
Graham Salisbury;/people/person/place_of_birth;Philadelphia;5;Graham Salisbury>historical novel>Charles Dickens>Philadelphia
Henry Taylor (boxer);/people/person/place_of_birth;Philadelphia;5;Henry Taylor (boxer)>boxing>Iceland>Philadelphia
Thomas Wright Rudderow;/people/person/place_of_birth;Philadelphia;5;Thomas Wright Rudderow>Pennsylvania>Philadelphia
Susan Denin;/people/person/place_of_birth;Philadelphia;5;Susan Denin>The New York Times>Grover Cleveland>Philadelphia
Seymour S. Kety;/people/person/place_of_birth;Philadelphia;-3;Seymour S. Kety>psychiatry>Medicine>Philadelphia
George Brunner (composer);/people/person/place_of_birth;Philadelphia;5;George Brunner (composer)>Brooklyn College>Georgian architecture>Philadelphia
Frederick Fraley;/people/person/place_of_birth;Philadelphia;5;Frederick Fraley>Pennsylvania>Philadelphia
Paul Pope;/people/person/place_of_birth;Philadelphia;5;Paul Pope>Columbus, Ohio>Philadelphia
Spencer Bonfiglio;/people/person/place_of_birth;Philadelphia;5;Spencer Bonfiglio was not a valid article
Stephen William White;/people/person/place_of_birth;Philadelphia;5;Stephen William White>Pennsylvania>Philadelphia
Eric Ash;/people/person/place_of_birth;Berlin;5;Eric Ash>Imperial College London>London>Berlin
Oskar Simon;/people/person/place_of_birth;Berlin;-5;Oskar Simon>Vienna>European Union>Berlin
Heinz Oestergaard;/people/person/place_of_birth;Berlin;5;Heinz Oestergaard>Bad Reichenhall>Germany>Berlin
Joachim Martin Falbe;/people/person/place_of_birth;Berlin;5;Joachim Martin Falbe>French people>German language>Berlin
Walter Ehrlich;/people/person/place_of_birth;Berlin;5;Walter Ehrlich>Germany>Berlin
Peter Lachmann;/people/person/place_of_birth;Berlin;5;Peter Lachmann>University of Cambridge>Fields Medal>Berlin
Leopold Casper;/people/person/place_of_birth;Berlin;5;Leopold Casper>London>Berlin
Avner W. Less;/people/person/place_of_birth;Berlin;5;Avner Less>Basel>Berlin
Walther Kruse;/people/person/place_of_birth;Berlin;-5;Walther Kruse>Leipzig>Berlin
Albert Heinrich Brendel;/people/person/place_of_birth;Berlin;5;Albert Heinrich Brendel>Prussian Academy of Arts>East Berlin>Berlin
Robert Welch (Wisconsin politician);/people/person/place_of_birth;Berlin;-3;Robert Welch (Wisconsin politician)>United States>Europe>Berlin
Hans Reiche;/people/person/place_of_birth;Berlin;5;Hans Reiche>electrical engineer>Heinrich Hertz>Berlin
William Charles Brenke;/people/person/place_of_birth;Berlin;5;William Charles Brenke>Maxime Bôcher>German language>Berlin
Carl Strehl;/people/person/place_of_birth;Berlin;5;Carl Strehl>Hamburg>Berlin
Valli Valli;/people/person/place_of_birth;Berlin;5;Valli Valli>silent film>Auguste and Louis Lumière>Berlin
Daniel French (inventor);/people/person/place_of_birth;Berlin;-5;Daniel French (inventor)>Oliver Evans>Locomotive>Berlin
Shlomo Wolbe;/people/person/place_of_birth;Berlin;5;Shlomo Wolbe>Haredi Judaism>Germany>Berlin
Georges Borchardt;/people/person/place_of_birth;Berlin;5;Georges Borchardt>Jean-Paul Sartre>Berlin
Don Mankiewicz;/people/person/place_of_birth;Berlin;5;Don Mankiewicz>Germany>Berlin
Eric Goldberg (artist);/people/person/place_of_birth;Berlin;5;Eric Goldberg (artist)>Mandatory Palestine>Iran>Berlin
Wilhelm Sander;/people/person/place_of_birth;Berlin;5;Wilhelm Sander>Germany>Berlin
Hans P. Kraus;/people/person/place_of_birth;Berlin;-5;Hans P. Kraus>Austria>European Union>Berlin
Guy De Saint Cyr;/people/person/place_of_birth;Berlin;5;Guy De Saint Cyr>drug baron>Los Angeles>Berlin
Richard Bohn;/people/person/place_of_birth;Berlin;5;Richard Bohn>Athens>Berlin
Edward W. Greenman;/people/person/place_of_birth;Berlin;-3;Edward W. Greenman>New York (state)>Los Angeles>Berlin
Georg Ruge;/people/person/place_of_birth;Berlin;-3;Georg Ruge>University of Berlin>Germany>Berlin
Erich Franz Eugen Bracht;/people/person/place_of_birth;Berlin;-1;Erich Franz Eugen Bracht>Ludwig Aschoff>Germany>Berlin
Erich Werdermann;/people/person/place_of_birth;Berlin;5;Erich Werdermann>Jena>Erfurt>Berlin
Thomas Sasse;/people/person/place_of_birth;Berlin;-3;Thomas Sasse was not a valid article
Samuel von Schmettau;/people/person/place_of_birth;Berlin;5;Samuel von Schmettau>field marshal>Germany>Berlin
Elfie Wörner;/people/person/place_of_birth;Berlin;5;Elfie Wörner>Munich>Bavaria>Berlin
Ernst Mehlich;/people/person/place_of_birth;Berlin;5;Ernst Mehlich>German Empire>Berlin
Johann Christoph Friedrich Klug;/people/person/place_of_birth;Berlin;5;Johann Christoph Friedrich Klug>Germany>Berlin
Max Lehmann;/people/person/place_of_birth;Berlin;5;Max Lehmann>Germany>Berlin
Monika Meyer (footballer);/people/person/place_of_birth;Berlin;5;Monika Meyer (footballer)>1. FFC Frankfurt>Frankfurt>Berlin
Jan Paweł Nowacki;/people/person/place_of_birth;Berlin;5;Jan Paweł Nowacki>Warsaw>European Union>Berlin
Moritz Litten;/people/person/place_of_birth;Berlin;-5;Moritz Litten>University of Heidelberg>Germany>Berlin
Carl Anton Ewald;/people/person/place_of_birth;Berlin;-3;Carl Anton Ewald>Germany>Berlin
Franz Ludwig Catel;/people/person/place_of_birth;Berlin;5;Franz Ludwig Catel>Rome>Europe>Berlin
Karl Friedrich von Klöden;/people/person/place_of_birth;Berlin;5;Karl Friedrich von Klöden>Cologne>Berlin
Julius Zupitza;/people/person/place_of_birth;Berlin;-3;Julius Zupitza>Upper Silesia>German Empire>Berlin
Käte Stresemann;/people/person/place_of_birth;Berlin;3;Käte Stresemann>Lankwitz>Brandenburg>Berlin
Meike Evers;/people/person/place_of_birth;Berlin;5;Meike Evers>rowing (sport)>London>Berlin
J. J. Stevenson;/people/person/place_of_birth;Glasgow;5;J. J. Stevenson>Edinburgh>Glasgow
Thomas Barclay (missionary);/people/person/place_of_birth;Glasgow;5;Thomas Barclay (missionary)>Scotland>Glasgow
Thomas Atkinson (poet);/people/person/place_of_birth;Glasgow;-3;Thomas Atkinson (poet)>Scotland>Glasgow
Kris Kane;/people/person/place_of_birth;Glasgow;5;Kris Kane>Scotland>Glasgow
Robert McCrindle;/people/person/place_of_birth;Glasgow;5;Robert McCrindle>City of London>Glasgow
Julia Goss;/people/person/place_of_birth;Glasgow;-3;Julia Goss>Gilbert and Sullivan>Arthur Sullivan>Glasgow
Hugh Fraser, 1st Baron Fraser of Allander;/people/person/place_of_birth;Glasgow;5;Hugh Fraser, 1st Baron Fraser of Allander>Scotland>Glasgow
Alan Thomson (musician);/people/person/place_of_birth;Glasgow;5;Alan Thomson (musician)>Folk music>May Day>Glasgow
William Atherton (lawyer);/people/person/place_of_birth;Glasgow;5;William Atherton (lawyer)>William Atherton (politician)>Queen's Counsel>City of London>Glasgow
Mary Ann Kennedy (Scottish singer);/people/person/place_of_birth;Glasgow;5;Mary Ann Kennedy (Scottish singer)>Scotland>Glasgow
Albert McElroy;/people/person/place_of_birth;Glasgow;5;Albert McElroy>Oxford>Glasgow
Mary Macmaster;/people/person/place_of_birth;Glasgow;5;Mary Macmaster>Scottish Gaelic>Glasgow
Thomas Haughey;/people/person/place_of_birth;Glasgow;5;Thomas Haughey>Kentucky>Glasgow
James A. MacAlister;/people/person/place_of_birth;Glasgow;5;James A. MacAlister>Scotland>Glasgow
Lynn Faulds Wood;/people/person/place_of_birth;Glasgow;5;Lynn Faulds Wood>TV-am>London>Glasgow
Denis McQuade;/people/person/place_of_birth;Glasgow;5;Denis McQuade>Association football>Glasgow
Kenny Brannigan;/people/person/place_of_birth;Glasgow;5;Kenny Brannigan>Association football>Glasgow
Douglas Simpson;/people/person/place_of_birth;Glasgow;5;Douglas Simpson>Scotland>Glasgow
Ian Steel;/people/person/place_of_birth;Glasgow;5;Ian Steel>Berlin>Glasgow
John Stewart Kennedy;/people/person/place_of_birth;Glasgow;-5;John Stewart Kennedy>Andrew Carnegie>Glasgow
William Carstares;/people/person/place_of_birth;Glasgow;-5;William Carstares>Edinburgh>Glasgow
Henry Boyd;/people/person/place_of_birth;Glasgow;-5;Henry Boyd>Henry Boyd (footballer)>Association football>Glasgow
David Marshall Mason;/people/person/place_of_birth;Glasgow;-5;David Marshall Mason>Edinburgh>Glasgow
Adam McLean;/people/person/place_of_birth;Glasgow;5;Adam McLean>Hermeticism>Walter Scott>Glasgow
Thomas Gardiner (publisher);/people/person/place_of_birth;Glasgow;-5;Thomas Gardiner (publisher)>Kilmarnock, Scotland>Industrial Revolution>Glasgow
George Henry Walton;/people/person/place_of_birth;Glasgow;5;George Henry Walton>York>Glasgow
Vishal Marwaha;/people/person/place_of_birth;Glasgow;5;Vishal Marwaha>Scotland>Glasgow
Fergus Morton, Baron Morton of Henryton;/people/person/place_of_birth;Glasgow;5;Fergus Morton, Baron Morton of Henryton>United Kingdom>Glasgow
Jamielee McPherson;/people/person/place_of_birth;Glasgow;5;Jamielee McPherson was not a valid article
John Stephen;/people/person/place_of_birth;Glasgow;5;John Stephen>Carnaby Street>London>Glasgow
Pat Gerber;/people/person/place_of_birth;Glasgow;5;Pat Gerber>Scotland>Glasgow
James Nisbet;/people/person/place_of_birth;Glasgow;-5;James Nisbet>London>Glasgow
James Kinlay;/people/person/place_of_birth;Glasgow;5;James Kinlay>Sunday Express>London>Glasgow
Jimmy Cooper (musician);/people/person/place_of_birth;Glasgow;-5;Jimmy Cooper (musician)>Scotland>Glasgow
Randolph Colville;/people/person/place_of_birth;Glasgow;5;Randolph Colville>Scotland>Glasgow
Walter Douglas;/people/person/place_of_birth;Glasgow;5;Walter Douglas>Glasgow, Scotland>River Clyde>Glasgow
Ken Ritchie;/people/person/place_of_birth;Glasgow;5;Ken Ritchie>Scotland>Glasgow
Jonathan Shearer;/people/person/place_of_birth;Glasgow;5;Jonathan Shearer>Scotland>Glasgow
John Baird (Wolverhampton MP);/people/person/place_of_birth;Glasgow;5;John Baird (Wolverhampton MP)>London>Glasgow
John Junor;/people/person/place_of_birth;Glasgow;5;John Junor>University of Glasgow>Glasgow
Louisa Stevenson;/people/person/place_of_birth;Glasgow;5;Louisa Stevenson>Edinburgh>Glasgow
John Fisher (opera director);/people/person/place_of_birth;Glasgow;5;John Fisher (opera director)>University of Glasgow>Glasgow
Christopher Whyte;/people/person/place_of_birth;Glasgow;5;Christopher Whyte>Dublin>Glasgow
Henry Saxe;/people/person/place_of_birth;Montreal;5;Henry Saxe>Quebec>French language>Montreal
Christopher Benfield Carter;/people/person/place_of_birth;Montreal;5;Christopher Benfield Carter>Quebec Liberal Party>Responsible government>Montreal
Kris Lefcoe;/people/person/place_of_birth;Montreal;5;Kris Lefcoe>Quebec>French language>Montreal
William Reed (musician);/people/person/place_of_birth;Montreal;5;William Reed (musician)>anthem>Greece>Montreal
Gerry Markman;/people/person/place_of_birth;Montreal;5;Gerry Markman>Ontario>Montreal
François Desjardins;/people/person/place_of_birth;Montreal;5;François Desjardins>Laurentian Bank of Canada>President>Haiti>Montreal
Marcel Faribault;/people/person/place_of_birth;Montreal;5;Marcel Faribault>Canadians>Haiti>Montreal
Antoine Ouilmette;/people/person/place_of_birth;Montreal;-5;Antoine Ouilmette>Chicago>Los Angeles>Montreal
Gilles Latulippe;/people/person/place_of_birth;Montreal;5;Gilles Latulippe>Quebec>French language>Montreal
John McKay (pianist);/people/person/place_of_birth;Montreal;5;John McKay (pianist)>Clermont Pépin>Paris>Montreal
Donald Steven;/people/person/place_of_birth;Montreal;5;Donald Steven>Montréal, Québec>French language>Montreal
Léo Lévesque;/people/person/place_of_birth;Montreal;5;Léo Lévesque>Montréal>French language>Montreal
Alain Boire;/people/person/place_of_birth;Montreal;5;Alain Boire>Quebec>French language>Montreal
Lionel Tiger;/people/person/place_of_birth;Montreal;5;Lionel Tiger>Quebec>French language>Montreal
Merlin Bronques;/people/person/place_of_birth;Montreal;-3;Merlin Bronques>Brooklyn>Los Angeles>Montreal
Bill Downe;/people/person/place_of_birth;Montreal;5;Bill Downe>Quebec>French language>Montreal
Sébastien Leblanc;/people/person/place_of_birth;Montreal;5;Sébastien Leblanc>Fredericton>Montreal
Albert Chamberland;/people/person/place_of_birth;Montreal;5;Albert Chamberland>His Master's Voice>London>Montreal
Jean Désy;/people/person/place_of_birth;Montreal;5;Jean Désy>Paris>Montreal
Ira Vail;/people/person/place_of_birth;Montreal;3;Ira Vail>Canadian-American>French language>Montreal
Rodolphe Monty;/people/person/place_of_birth;Montreal;5;Rodolphe Monty>Secretary of State for Canada>London>Montreal
Wayne Eagling;/people/person/place_of_birth;Montreal;5;Wayne Eagling>Quebec>French language>Montreal
Romain Pelletier;/people/person/place_of_birth;Montreal;5;Romain Pelletier>fugue>Berlin>Montreal
Howard Grant (boxer);/people/person/place_of_birth;Montreal;-3;Howard Grant (boxer)>Jamaica>Montreal
Théophile Bruguier;/people/person/place_of_birth;Montreal;-5;Théophile Bruguier>French-Canadian>New Brunswick>Montreal
John Mahaffy (ice hockey);/people/person/place_of_birth;Montreal;5;John Mahaffy (ice hockey)>Ice hockey>Montreal
Yolande Thibeault;/people/person/place_of_birth;Montreal;5;Yolande Thibeault>Quebec>French language>Montreal
Norman Spector;/people/person/place_of_birth;Montreal;5;Norman Spector>Ontario>Montreal
René Gagnier;/people/person/place_of_birth;Montreal;5;René Gagnier>waltz>Greece>Montreal
Thomas Morland;/people/person/place_of_birth;Montreal;5;Thomas Morland>Nigeria>Montreal
Emmanuel Aquin;/people/person/place_of_birth;Montreal;5;Emmanuel Aquin>French language>Montreal
Gérald Gagnier;/people/person/place_of_birth;Montreal;3;Gérald Gagnier>The Canadian Encyclopedia>Canadian English>Montreal
Pierre Alexandre Tremblay;/people/person/place_of_birth;Montreal;5;Pierre Alexandre Tremblay>electroacoustic music>Paris>Montreal
Pierre de Savoye;/people/person/place_of_birth;Montreal;5;Pierre de Savoye>Quebec>French language>Montreal
David Atkinson (baritone);/people/person/place_of_birth;Montreal;5;David Atkinson (baritone)>The New York Times>London>Montreal
Lynne Kositsky;/people/person/place_of_birth;Montreal;5;Lynne Kositsky>Great Famine (Ireland)>Montreal
Gordon Stevenson;/people/person/place_of_birth;Dublin;-1;Gordon Stevenson>Dublin, Georgia>Republic of Ireland>Dublin
Thomas Southerne;/people/person/place_of_birth;Dublin;-5;Thomas Southerne>London>Dublin
Seamus Martin;/people/person/place_of_birth;Dublin;5;Seamus Martin>Moscow>Dublin
Nathaniel Buchanan;/people/person/place_of_birth;Dublin;-5;Nathaniel Buchanan>Australia>British Isles>Dublin
Vivion de Valera;/people/person/place_of_birth;Dublin;5;Vivion de Valera>Fianna Fáil>Dublin
Jim Grace (Irish footballer);/people/person/place_of_birth;Dublin;5;Jim Grace (Irish footballer) was not a valid article
Fiachna Ó Braonáin;/people/person/place_of_birth;Dublin;5;Fiachna Ó Braonáin>Hothouse Flowers>The Pogues>Dublin
Henry Ussher;/people/person/place_of_birth;Dublin;5;Henry Ussher>Church of Ireland>John, King of England>Dublin
Jason Colwell;/people/person/place_of_birth;Dublin;5;Jason Colwell>Republic of Ireland>Dublin
Derek Murray (soccer);/people/person/place_of_birth;Dublin;5;Derek Murray (soccer) was not a valid article
Stephen Gough (footballer);/people/person/place_of_birth;Dublin;5;Stephen Gough (footballer)>Republic of Ireland>Dublin
John Allen (Irish nationalist);/people/person/place_of_birth;Dublin;-3;John Allen (Irish nationalist)>Dublin, Ireland>Republic of Ireland>Dublin
Ed Pimm;/people/person/place_of_birth;Dublin;-5;Ed Pimm>Chevrolet>Opel>Dublin
Lee King;/people/person/place_of_birth;Dublin;5;undefined
Richard Collins, Baron Collins;/people/person/place_of_birth;Dublin;5;Richard Collins, Baron Collins>London>Dublin
Dave Connell;/people/person/place_of_birth;Dublin;5;Dave Connell>Republic of Ireland>Dublin
Alan Aboud;/people/person/place_of_birth;Dublin;5;Alan Aboud>Republic of Ireland>Dublin
Heartsill Ragon;/people/person/place_of_birth;Dublin;-5;Heartsill Ragon>Franklin D. Roosevelt>Winston Churchill>Dublin
Graham Doyle;/people/person/place_of_birth;Dublin;5;Graham Doyle>Republic of Ireland>Dublin
Martin Duffy (footballer);/people/person/place_of_birth;Dublin;5;Martin Duffy (footballer) was not a valid article
Brian O'Riordan;/people/person/place_of_birth;Dublin;5;Brian O'Riordan>Rugby football>Dublin
Terry Eviston;/people/person/place_of_birth;Dublin;5;Terry Eviston>Bohemian F.C.>Republic of Ireland>Dublin
Walley Chamberlain Oulton;/people/person/place_of_birth;Dublin;5;Walley Chamberlain Oulton>Smock Alley Theatre>Republic of Ireland>Dublin
Shay Gibbons;/people/person/place_of_birth;Dublin;5;Shay Gibbons>Bohemians F.C.>Republic of Ireland>Dublin
William Sadler (painter);/people/person/place_of_birth;Dublin;-5;William Sadler (painter)>Irish people>Demographics of the Republic of Ireland>Dublin
Catherine Wellesley, Duchess of Wellington;/people/person/place_of_birth;Dublin;5;Catherine Wellesley, Duchess of Wellington>Arthur Wellesley, 1st Duke of Wellington>Dublin
John O'Conor;/people/person/place_of_birth;Dublin;5;John O'Conor>Prague>Dublin
Marcus Tuite;/people/person/place_of_birth;Dublin;3;Marcus Tuite was not a valid article
Gladys Henson;/people/person/place_of_birth;Dublin;5;Gladys Henson>St Stephen's Green>Easter Rising>Dublin
Leslie Paul;/people/person/place_of_birth;Dublin;5;Leslie Paul>Moscow>Dublin
John Savage (Fenian);/people/person/place_of_birth;Dublin;5;John Savage (Fenian)>New York (state)>Hedge fund>Dublin
Henry Bernard Carpenter;/people/person/place_of_birth;Dublin;3;Henry Bernard Carpenter>Unitarianism>Oslo>Dublin
John Sheridan Hogan;/people/person/place_of_birth;Dublin;-5;John Sheridan Hogan>Ireland>Europe>Dublin
Paddy Crowley;/people/person/place_of_birth;Dublin;5;Paddy Crowley was not a valid article
Jimmy Gregg;/people/person/place_of_birth;Dublin;5;Jimmy Gregg>Shamrock Rovers>Taoiseach>Dublin
John Henry (spy);/people/person/place_of_birth;Dublin;3;John Henry (spy)>Federalist party>Benjamin Franklin>Dublin
Alfred Downward;/people/person/place_of_birth;Melbourne;5;Alfred Downward>Prahran, Victoria>Australian rules football>Melbourne
Michael Birt;/people/person/place_of_birth;Melbourne;5;Michael Birt>Michael Birt (biochemist)>Order of Australia>Gough Whitlam>Melbourne
Shane Price;/people/person/place_of_birth;Melbourne;5;Shane Price>Holden>Melbourne
Victoria LePage;/people/person/place_of_birth;Melbourne;5;Victoria LePage was not a valid article
Jennifer Holliday (softball);/people/person/place_of_birth;Melbourne;5;Jennifer Holliday (softball)>Olympic Games>Melbourne
Mary Cecil Allen;/people/person/place_of_birth;Melbourne;5;Mary Cecil Allen>Cubism>Art Deco>Melbourne
Roy Dalgarno;/people/person/place_of_birth;Melbourne;5;Roy Dalgarno>Ballarat>Melbourne
Maggie Fitzgibbon;/people/person/place_of_birth;Melbourne;5;Maggie Fitzgibbon>Kenn Brodziak>Sydney>Melbourne
Robert Moss;/people/person/place_of_birth;Melbourne;5;Robert Moss>Victoria (Australia)>New South Wales>Melbourne
George Johnston (general);/people/person/place_of_birth;Melbourne;5;George Johnston (general)>Australian Army>Melbourne
Winifred Lewellin James;/people/person/place_of_birth;Melbourne;-3;Winifred Lewellin James>London>Melbourne
Adam Bright;/people/person/place_of_birth;Melbourne;5;Adam Bright>Ray Bright>Manchester>Melbourne
Daniel Sproule;/people/person/place_of_birth;Melbourne;5;Daniel Sproule>Kuala Lumpur>Melbourne
Nicholas Colla;/people/person/place_of_birth;Melbourne;5;Nicholas Colla>Neighbours>Soap opera>Melbourne
Carey Beebe;/people/person/place_of_birth;Melbourne;5;Carey Beebe>harpsichord>Munich>Melbourne
Amber Parkinson;/people/person/place_of_birth;Melbourne;5;Amber Parkinson>Australia>Sydney>Melbourne
Simon Gerada;/people/person/place_of_birth;Melbourne;5;Simon Gerada>Table tennis>Sydney>Melbourne
Brett Hayman;/people/person/place_of_birth;Melbourne;5;Brett Hayman>Rowing (sport)>Summer Olympic Games>Melbourne
Rodney Cocks;/people/person/place_of_birth;Melbourne;5;Rodney Cocks was not a valid article
Michael Guider;/people/person/place_of_birth;Melbourne;5;Michael Guider>Sydney>Melbourne
David Sander;/people/person/place_of_birth;Melbourne;5;David Sander was not a valid article
Herbert Postle;/people/person/place_of_birth;Melbourne;5;Herbert Postle>Bachelor of Law>Sarawak>Melbourne
Luke Youlden;/people/person/place_of_birth;Melbourne;5;Luke Youlden>Erebus Motorsport>Holden>Melbourne
Rodney de Gruchy;/people/person/place_of_birth;Melbourne;5;Rodney de Gruchy>Australian>History of Australia>Melbourne
Kate Richardson (athlete);/people/person/place_of_birth;Melbourne;5;Kate Anderson-Richardson>Melbourne, Victoria>Melbourne Cricket Ground>Melbourne
Jennifer Huppert;/people/person/place_of_birth;Melbourne;3;Jennifer Huppert>Australia>Sydney>Melbourne
Nicole Richardson;/people/person/place_of_birth;Melbourne;5;Nicole Richardson>Olympic Games>Melbourne
Justine Smethurst;/people/person/place_of_birth;Melbourne;5;Justine Smethurst>Olympic Games>Melbourne
Martin Brown (artist);/people/person/place_of_birth;Melbourne;5;Horrible Histories>educational entertainment>Perth>Melbourne
Joanne Fox;/people/person/place_of_birth;Melbourne;5;Joanne Fox>Athens>Melbourne
Ashley Gilbertson;/people/person/place_of_birth;Melbourne;5;Ashley Gilbertson>Amsterdam>Melbourne
Diana Trask;/people/person/place_of_birth;Melbourne;5;Diana Trask>Country music>Melbourne
Matthew Kent;/people/person/place_of_birth;Melbourne;5;Matthew Kent>Boston Red Sox>Atlanta>Melbourne
William Dexter;/people/person/place_of_birth;Melbourne;-3;William Dexter>England>London>Melbourne
Harry James Angus;/people/person/place_of_birth;Melbourne;5;Harry James Angus>Melbourne, Victoria>Melbourne Cricket Ground>Melbourne
Jane Tanner;/people/person/place_of_birth;Melbourne;5;Jane Tanner>Australia>Sydney>Melbourne
Gordon Edward Corbould;/people/person/place_of_birth;Toronto;5;Gordon Edward Corbould>Ontario>Toronto
Alastair Sweeny;/people/person/place_of_birth;Toronto;5;Alastair Sweeny>Canadians>Canadian English>Toronto
John William Thomson;/people/person/place_of_birth;Toronto;5;John William Thomson>Peter Bawden>Ontario>Toronto
Linda MacLennan;/people/person/place_of_birth;Toronto;5;Linda MacLennan>WBBM-TV>Chicago>Toronto
David Bourque;/people/person/place_of_birth;Toronto;-3;David Bourque>University of Toronto>Ontario>Toronto
Catherine Winder;/people/person/place_of_birth;Toronto;-5;Catherine Winder>Japan>Tokyo>Toronto
George Snell (bishop);/people/person/place_of_birth;Toronto;5;George Snell (bishop)>Trinity College, Toronto>Ontario>Toronto
Erna Paris;/people/person/place_of_birth;Toronto;5;Erna Paris>University of Toronto>Ontario>Toronto
Ellie Tesher;/people/person/place_of_birth;Toronto;5;Ellie Tesher>Ontario>Toronto
Steven Hayward (Canadian writer);/people/person/place_of_birth;Toronto;5;Steven Hayward (Canadian writer)>University of Toronto>Ontario>Toronto
Lorne Resnick;/people/person/place_of_birth;Toronto;5;Lorne Resnick>photography>Renaissance>Art Deco>Toronto
David Empringham;/people/person/place_of_birth;Toronto;5;David Empringham>Ontario>Toronto
Lorne Rubenstein;/people/person/place_of_birth;Toronto;5;Lorne Rubenstein>journalist>Media bias>Toronto
Ronnie Le Drew;/people/person/place_of_birth;Toronto;5;Ronnie Le Drew>Canada>O Canada>Toronto
Lorraine Leckie;/people/person/place_of_birth;Toronto;-5;Lorraine Leckie>New York City>Commuter rail>Toronto
Albert Pratz;/people/person/place_of_birth;Toronto;5;Albert Pratz>music educator>Bollywood>Toronto
Harry Chadwick;/people/person/place_of_birth;Toronto;5;Harry Chadwick>House of Commons of Canada>Ottawa>Toronto
Jack Blum;/people/person/place_of_birth;Toronto;5;Jack Blum>Hamilton, Ontario>Toronto
Graph Nobel;/people/person/place_of_birth;Toronto;5;Graph Nobel>Ontario>Toronto
William Leeming Harrison;/people/person/place_of_birth;Toronto;-3;William Leeming Harrison>British Empire>North America>Toronto
John Smith (poet);/people/person/place_of_birth;Toronto;5;John Smith>placeholder name>Profanity>Toronto
John Cole (politician);/people/person/place_of_birth;Toronto;5;John Cole (politician)>Ontario>Toronto
Austin Lloyd Fleming;/people/person/place_of_birth;Toronto;5;Austin Lloyd Fleming>Málaga>Andalusia>Toronto
John Josiah Robinette;/people/person/place_of_birth;Toronto;5;John Josiah Robinette>Ontario>Toronto
Biff Mitchell;/people/person/place_of_birth;Toronto;5;Biff Mitchell>Ontario>Toronto
Bartle Brennen Bull;/people/person/place_of_birth;Toronto;5;Bartle Bull (politician)>Rosedale, Toronto>Ontario>Toronto
Kim Ondaatje;/people/person/place_of_birth;Toronto;5;Kim Ondaatje>Ontario>Toronto
Murray McEachern;/people/person/place_of_birth;Toronto;5;Murray McEachern>Chicago>Toronto
Kenneth William Junor;/people/person/place_of_birth;Toronto;5;Kenneth William Junor>British Empire>North America>Toronto
David Hackl;/people/person/place_of_birth;Toronto;5;David Hackl>Ontario>Toronto
Arthur N. Martin;/people/person/place_of_birth;Toronto;5;Arthur N. Martin>Canadians>Canadian English>Toronto
John Dodington;/people/person/place_of_birth;Toronto;5;John Dodington>opera>Paris>Toronto
Frank E. Holmes;/people/person/place_of_birth;Toronto;-3;Frank E. Holmes>San Antonio, Texas>National Basketball Association>Toronto
Alan Welsh;/people/person/place_of_birth;Edinburgh;5;Alan Welsh>Bonnyrigg Rose Athletic F.C.>Sean Connery>Edinburgh
James Balfour (philosopher);/people/person/place_of_birth;Edinburgh;-5;James Balfour (philosopher)>David Hume>Edinburgh
John Thomas Rochead;/people/person/place_of_birth;Edinburgh;5;John Thomas Rochead>Belfast>Edinburgh
James Hogg (publisher);/people/person/place_of_birth;Edinburgh;-5;James Hogg (publisher)>James Hogg>Scotland>Edinburgh
Thomas Tod Stoddart;/people/person/place_of_birth;Edinburgh;5;Thomas Tod Stoddart>Moravian Church>Baptism>Edinburgh
Gillian Cooke;/people/person/place_of_birth;Edinburgh;3;Gillian Cooke>Scotland>Edinburgh
John Donaldson (painter);/people/person/place_of_birth;Edinburgh;5;John Donaldson (painter)>Portrait miniature>Charles I of England>Edinburgh
George Hurst;/people/person/place_of_birth;Edinburgh;5;George Hurst>George Hurst (conductor)>Manchester>Edinburgh
William Skirving;/people/person/place_of_birth;Edinburgh;-5;William Skirving>Political Martyrs' Monument>London>Edinburgh
Julian Paynter;/people/person/place_of_birth;Edinburgh;5;Julian Paynter>Edinburgh, Scotland>Scotland>Edinburgh
John Cobbett;/people/person/place_of_birth;Edinburgh;5;John Cobbett>Royal Academy Schools>London>Edinburgh
George Mudie (Owenite);/people/person/place_of_birth;Edinburgh;5;George Mudie (social reformer)>London>Edinburgh
Sir Andrew Agnew, 8th Baronet;/people/person/place_of_birth;Edinburgh;5;Sir Andrew Agnew, 8th Baronet>Deputy Lieutenant>United Kingdom>Edinburgh
Roger Sinclair Aytoun;/people/person/place_of_birth;Edinburgh;5;Roger Sinclair Aytoun>Liberal Party (UK)>William Ewart Gladstone>Edinburgh
Scott Cleverdon;/people/person/place_of_birth;Edinburgh;5;Scott Cleverdon>Scotland>Edinburgh
Robert Hamilton Paterson;/people/person/place_of_birth;Edinburgh;5;Robert Hamilton Paterson>Duke of Hamilton>Charles I of England>Edinburgh
George Henderson (architect);/people/person/place_of_birth;Edinburgh;5;George Henderson (architect)>architect>United Kingdom>Edinburgh
Walter Elliot (Scottish naturalist);/people/person/place_of_birth;Edinburgh;5;Walter Elliot (naturalist)>East India College>London>Edinburgh
John Cameron (Reformed Presbyterian);/people/person/place_of_birth;Edinburgh;-5;John Cameron (Reformed Presbyterian)>County Antrim>County town>Edinburgh
James O. Clephane;/people/person/place_of_birth;Edinburgh;-3;James O. Clephane>Scotland>Edinburgh
Joseph Hislop;/people/person/place_of_birth;Edinburgh;5;Joseph Hislop>opera>Florence>Edinburgh
Alexander Smith (chemist);/people/person/place_of_birth;Edinburgh;5;Alexander Smith (chemist)>Scotland>Edinburgh
Mike Peden;/people/person/place_of_birth;Edinburgh;5;Mike Peden>Lighthouse Family>United Kingdom>Edinburgh
Mary MacLeod Banks;/people/person/place_of_birth;Edinburgh;5;Mary MacLeod Banks>Queensland>Sydney>Edinburgh
Allan Stewart (artist);/people/person/place_of_birth;Edinburgh;5;Allan Stewart (artist)>Mary, Queen of Scots>Edinburgh
Henry John Cody;/people/person/place_of_birth;Edinburgh;-3;Henry John Cody>Robert Falconer>Scotland>Edinburgh
Marcus Dods (musician);/people/person/place_of_birth;Edinburgh;5;Marcus Dods (musician)>Henley-on-Thames>Oxford>Edinburgh
Georgina Kennard;/people/person/place_of_birth;Edinburgh;5;Georgina Kennard>Scotland>Edinburgh
William Walker (engraver born 1791);/people/person/place_of_birth;Edinburgh;-5;William Walker (engraver)>Sir Henry Raeburn>Scotland>Edinburgh
Patrick Edward Dove;/people/person/place_of_birth;Edinburgh;-5;Patrick Edward Dove>Encyclopædia Britannica>Edinburgh
Gary Callander;/people/person/place_of_birth;Edinburgh;5;Gary Callander>Rugby union>Edinburgh
Carl Herman Kraeling;/people/person/place_of_birth;Brooklyn;5;Carl Hermann Kraeling>Columbia University>Brooklyn
Rebecca Pronsky;/people/person/place_of_birth;Brooklyn;5;Rebecca Pronsky>Brooklyn, New York>Brooklyn Bridge>Brooklyn
Borah Bergman;/people/person/place_of_birth;Brooklyn;5;Borah Bergman>New York (state)>Yiddish>Brooklyn
Raymond Ericson;/people/person/place_of_birth;Brooklyn;5;Raymond Ericson>The New York Times>Buffalo, New York>Brooklyn
Seth Lipsky;/people/person/place_of_birth;Brooklyn;5;Seth Lipsky>Milton Friedman>Brooklyn
Richard Cullen (attorney);/people/person/place_of_birth;Brooklyn;5;Richard Cullen (attorney)>United States Attorney for the Eastern District of Virginia>Supreme Court of the United States>Brooklyn
Al Harewood;/people/person/place_of_birth;Brooklyn;5;Al Harewood>jazz>George Gershwin>Brooklyn
Jeffrey H. Cohen;/people/person/place_of_birth;Brooklyn;5;Jeffrey H. Cohen>Indiana University (Bloomington)>Philadelphia>Brooklyn
Sy Landy;/people/person/place_of_birth;Brooklyn;5;Sy Landy>United States>Louisiana>Brooklyn
Peter C. Schultz;/people/person/place_of_birth;Brooklyn;5;Peter C. Schultz>telecommunication>Samuel Morse>Brooklyn
Albert Warren Ferris;/people/person/place_of_birth;Brooklyn;5;Albert Warren Ferris>Columbia University>Brooklyn
Matthew T. Abruzzo;/people/person/place_of_birth;Brooklyn;5;Matthew T. Abruzzo>United States District Court for the Eastern District of New York>Long Island>Brooklyn
Lucille Wallenrod;/people/person/place_of_birth;Brooklyn;5;Lucille Wallenrod>Works Progress Administration>Harlem>Brooklyn
Leonard D. Wexler;/people/person/place_of_birth;Brooklyn;5;Leonard D. Wexler>Senior status>Supreme Court of the United States>Brooklyn
Franco Gentilesca;/people/person/place_of_birth;Brooklyn;5;Franco Gentilesca>opera>Carnival>Brooklyn
Joe Torres (journalist);/people/person/place_of_birth;Brooklyn;5;Joe Torres (journalist)>Philadelphia>Brooklyn
Bob Alberti;/people/person/place_of_birth;Brooklyn;5;Bob Alberti>Brooklyn, New York>Brooklyn Bridge>Brooklyn
Joe Ascione;/people/person/place_of_birth;Brooklyn;5;Joe Ascione>Brooklyn, New York>Brooklyn Bridge>Brooklyn
Stanley Newman;/people/person/place_of_birth;Brooklyn;-1;Stanley Newman>United States>Louisiana>Brooklyn
Stacy Barthe;/people/person/place_of_birth;Brooklyn;5;Stacy Barthe>New York City>Queens>Brooklyn
Roger Q. Williams;/people/person/place_of_birth;Brooklyn;5;Roger Q. Williams>The New York Times>Buffalo, New York>Brooklyn
John Esposito (pianist);/people/person/place_of_birth;Brooklyn;5;John Esposito (pianist)>Brooklyn, New York>Brooklyn Bridge>Brooklyn
Leo C. Zeferetti;/people/person/place_of_birth;Brooklyn;5;Leo C. Zeferetti>The New York Times>Buffalo, New York>Brooklyn
Robert Stanley Breed;/people/person/place_of_birth;Brooklyn;-3;Robert Stanley Breed>United States>Louisiana>Brooklyn
Claire Burch;/people/person/place_of_birth;Brooklyn;5;Claire Burch>Manhattan>Brooklyn
Ralph Schoenman;/people/person/place_of_birth;Brooklyn;5;Ralph Schoenman>The New York Times>Buffalo, New York>Brooklyn
Irving Fiske;/people/person/place_of_birth;Brooklyn;5;Irving Fiske>Brooklyn, New York>Brooklyn Bridge>Brooklyn
Bill Kaiserman;/people/person/place_of_birth;Brooklyn;5;Bill Kaiserman>Brooklyn, New York>Brooklyn Bridge>Brooklyn
Thomas Elliot Bowman III;/people/person/place_of_birth;Brooklyn;5;Thomas Elliot Bowman III>United States>Louisiana>Brooklyn
George E. Waldo;/people/person/place_of_birth;Brooklyn;5;George E. Waldo>Ithaca, New York>Brooklyn
Edward Raymond Neaher;/people/person/place_of_birth;Brooklyn;5;Edward Raymond Neaher>Senior status>Supreme Court of the United States>Brooklyn
Adolf Jellinek;/people/person/place_of_birth;Budapest;-1;Adolf Jellinek>Drslavice (Uherské Hradiště District)>Prague>Budapest
Ferenc A. Váli;/people/person/place_of_birth;Budapest;5;Ferenc A. Váli>German language>Budapest
Peter Hargitai;/people/person/place_of_birth;Budapest;5;Peter Hargitai>Hungary>Budapest
Imre Zachár;/people/person/place_of_birth;Budapest;5;Imre Zachár>Swimming (sport)>London>Budapest
Béla Glattfelder;/people/person/place_of_birth;Budapest;5;Béla Glattfelder>Politics of Hungary>Budapest
Berthold Weisz;/people/person/place_of_birth;Budapest;5;Berthold Weisz>Berlin>Budapest
Zoltan Kósz;/people/person/place_of_birth;Budapest;5;Zoltán Kósz>Water Polo at the Summer Olympics>Paris>Budapest
Ferenc Sipos;/people/person/place_of_birth;Budapest;5;Ferenc Sipos>Hungary>Budapest
Mihály Kovács;/people/person/place_of_birth;Budapest;5;Mihály Kovács>Team handball>Europe>Budapest
László Z. Bitó;/people/person/place_of_birth;Budapest;5;László Z. Bitó>Hungary>Budapest
Árpád Soós;/people/person/place_of_birth;Budapest;5;Árpád Soós>Hungary>Budapest
Zoltán Benkő;/people/person/place_of_birth;Budapest;5;Zoltán Benkő>Hungary>Budapest
Adrienn Bende;/people/person/place_of_birth;Budapest;5;Adrienn Bende>Hungary>Budapest
Katalin Karády;/people/person/place_of_birth;Budapest;5;Katalin Karády>Brussels>Budapest
Péter Lendvay;/people/person/place_of_birth;Budapest;5;Péter Lendvay>team handball>Europe>Budapest
Andrea Mátay;/people/person/place_of_birth;Budapest;5;Andrea Mátay>Hungary>Budapest
Zsolt Hamar;/people/person/place_of_birth;Budapest;5;Zsolt Hamar>Franz Liszt Academy of Music>Hungary>Budapest
Zoltán Szilády;/people/person/place_of_birth;Budapest;5;Zoltán Szilády>Hungary>Budapest
György Bródy;/people/person/place_of_birth;Budapest;5;György Bródy>Hungary>Budapest
Charles Weissmann;/people/person/place_of_birth;Budapest;5;Charles Weissmann>Swiss>Europe>Budapest
Ákos Császár;/people/person/place_of_birth;Budapest;5;Ákos Császár>Hungarian people>Hungary>Budapest
Dávid Kovács;/people/person/place_of_birth;Budapest;5;Dávid Kovács>Jobbik>European Union>Budapest
Ferenc Mérei;/people/person/place_of_birth;Budapest;5;Ferenc Mérei>Berlin>Budapest
Ilus Vay;/people/person/place_of_birth;Budapest;5;Ilus Vay>Szomszédok>Hungary>Budapest
Endre Csillag;/people/person/place_of_birth;Budapest;5;Endre Csillag>Hungary>Budapest
Csaba Őry;/people/person/place_of_birth;Budapest;5;Csaba Őry>European Union>Budapest
Elemér Terták;/people/person/place_of_birth;Budapest;5;Elemér Terták>Hungary>Budapest
Károly Varga;/people/person/place_of_birth;Budapest;5;Károly Varga>sport shooting>Cleveland>Budapest
Samuel Löw Brill;/people/person/place_of_birth;Budapest;5;Samuel Löw Brill>Prague>Budapest
Bódog Török;/people/person/place_of_birth;Budapest;5;Bódog Török>Hungary women's national handball team>Hungary>Budapest
George Clifford Sziklai;/people/person/place_of_birth;Budapest;5;George Clifford Sziklai>Hungary>Budapest
Elizabeth McClintock;/people/person/place_of_birth;Los Angeles;5;Elizabeth McClintock>California>Los Angeles
Danny LaPorte;/people/person/place_of_birth;Los Angeles;5;Danny LaPorte>United States>California>Los Angeles
Michael D. Rich;/people/person/place_of_birth;Los Angeles;-5;Michael D. Rich>RAND Corporation>Internet>Los Angeles
Carl W. Ernst;/people/person/place_of_birth;Los Angeles;5;Carl W. Ernst>Los Angeles, California>Los Angeles International Airport>Los Angeles
Roy Seawright;/people/person/place_of_birth;Los Angeles;5;Roy Seawright>Torrance, California>Los Angeles International Airport>Los Angeles
Chloe Franks;/people/person/place_of_birth;Los Angeles;5;Chloe Franks>Christopher Lee>London>Los Angeles
Elisa Kleven;/people/person/place_of_birth;Los Angeles;-5;Elisa Kleven>Thacher Hurd>Berkeley, California>Los Angeles
Russ Titelman;/people/person/place_of_birth;Los Angeles;5;Russ Titelman>George Harrison>Los Angeles
Phil Pardee;/people/person/place_of_birth;Los Angeles;5;Phil Pardee>Los Angeles, California>Los Angeles International Airport>Los Angeles
Teron Beal;/people/person/place_of_birth;Los Angeles;1;Teron Beal>Texas>Houston>Los Angeles
Anne Triola;/people/person/place_of_birth;Los Angeles;5;Anne Triola>Frank Sinatra>Los Angeles
Yehuda Hyman;/people/person/place_of_birth;Los Angeles;5;Yehuda Hyman>Poland>Hungarian language>Los Angeles
Max D. Adams;/people/person/place_of_birth;Los Angeles;5;Max D. Adams>United States>California>Los Angeles
2009–2011 detention of American hikers by Iran;/people/person/place_of_birth;Los Angeles;-3;2009–11 detention of American hikers by Iran>California>Los Angeles
Albert Braun;/people/person/place_of_birth;Los Angeles;-5;Albert Braun>teacher>Internet>Los Angeles
Harold Meyerson;/people/person/place_of_birth;Los Angeles;5;Harold Meyerson>California>Los Angeles
Bill Campbell (California politician);/people/person/place_of_birth;Los Angeles;5;Bill Campbell (California politician)>California>Los Angeles
Eric Bailey (basketball);/people/person/place_of_birth;Los Angeles;5;Eric Bailey (basketball)>National Basketball League (Australia)>Barcelona>Los Angeles
Michael Edelstein;/people/person/place_of_birth;Los Angeles;5;Michael Edelstein>Marc Cherry>California>Los Angeles
Kevin Kennedy (baseball);/people/person/place_of_birth;Los Angeles;5;Kevin Kennedy (baseball)>Los Angeles Dodgers>Los Angeles
Mentor Huebner;/people/person/place_of_birth;Los Angeles;5;Mentor Huebner>Blade Runner>Los Angeles
Robert Bradshaw (figure skater);/people/person/place_of_birth;Los Angeles;5;Robert Bradshaw (figure skater)>United States>California>Los Angeles
Norman L. Eisen;/people/person/place_of_birth;Los Angeles;5;Norman L. Eisen>United States Ambassador to the Czech Republic>Foreign relations of the Czech Republic>Los Angeles
Jolene Brand;/people/person/place_of_birth;Los Angeles;5;Jolene Brand>Los Angeles, California>Los Angeles International Airport>Los Angeles
Jesse Leon McCann;/people/person/place_of_birth;Los Angeles;5;Jesse Leon McCann was not a valid article
David Hammerstein Mintz;/people/person/place_of_birth;Los Angeles;5;David Hammerstein Mintz>Politics of Spain>Andalusia>Los Angeles
Andy Park (musician);/people/person/place_of_birth;Los Angeles;5;Andy Park (musician)>British Columbia>Los Angeles
Jimmy Greenspoon;/people/person/place_of_birth;Los Angeles;5;Jimmy Greenspoon>California>Los Angeles
Jack Aranson;/people/person/place_of_birth;Los Angeles;5;Jack Aranson>California>Los Angeles