subject;predicate;object;score;path
Keppel Harcourt Barnard;/people/person/place_of_birth;London;5;Keppel Harcourt Barnard
Elizabeth Kay;/people/person/place_of_birth;London;5;Elizabeth Kay
Alisa Arnah;/people/person/place_of_birth;London;5;Alisa Arnah
Robert Jankel;/people/person/place_of_birth;London;5;Robert Jankel
James Redhouse;/people/person/place_of_birth;London;-3;James Redhouse
Nick Philip;/people/person/place_of_birth;London;5;Nick Philip
Alice Temple;/people/person/place_of_birth;London;5;Alice Temple
Peter Milligan;/people/person/place_of_birth;London;5;Peter Milligan
Justin Wintle;/people/person/place_of_birth;London;5;Justin Wintle
Benjamin Brecknell Turner;/people/person/place_of_birth;London;5;Benjamin Brecknell Turner
Russell Stannard;/people/person/place_of_birth;London;5;Russell Stannard
Edward Romilly;/people/person/place_of_birth;London;5;Edward Romilly
William Keasberry;/people/person/place_of_birth;London;5;William Keasberry
Daniel Joseph Jaffé;/people/person/place_of_birth;London;5;Daniel Joseph Jaffé
Henry Cecil Leon;/people/person/place_of_birth;London;-5;Henry Cecil Leon
Thomas Playfere;/people/person/place_of_birth;London;5;Thomas Playfere
Aamer Haleem;/people/person/place_of_birth;London;5;Aamer Haleem
Jean Ure;/people/person/place_of_birth;London;5;Jean Ure
Judy Leden;/people/person/place_of_birth;London;-5;Judy Leden
Scarlett Strallen;/people/person/place_of_birth;London;5;Scarlett Strallen
Edward Stone Parker;/people/person/place_of_birth;London;5;Edward Stone Parker
Brent Rickles;/people/person/place_of_birth;London;5;Brent Rickles
Adrian Baker;/people/person/place_of_birth;London;5;Adrian Baker
Coral Amiga;/people/person/place_of_birth;London;5;Coral Amiga
William Vaughan (bishop);/people/person/place_of_birth;London;5;William Vaughan (bishop)
Harry Freedman (author);/people/person/place_of_birth;London;5;Harry Freedman (author)
Rusty Egan;/people/person/place_of_birth;London;5;Rusty Egan
Andrew Bell (minister);/people/person/place_of_birth;London;5;Andrew Bell (minister)
Jonathan Wilkins;/people/person/place_of_birth;London;5;Jonathan Wilkins
Charles Frodsham;/people/person/place_of_birth;London;5;Charles Frodsham
Frank Pearson;/people/person/place_of_birth;London;-1;Frank Pearson
William Mattieu Williams;/people/person/place_of_birth;London;5;William Mattieu Williams
Alan Littlejohn;/people/person/place_of_birth;London;5;Alan Littlejohn
Frank Sayers;/people/person/place_of_birth;London;5;Frank Sayers
Benjamin Pine;/people/person/place_of_birth;London;5;Benjamin Pine
John William Mellor;/people/person/place_of_birth;London;5;John William Mellor
Thomas Wroth (politician, 17th century);/people/person/place_of_birth;London;5;Thomas Wroth (politician, 17th century)
Gerard Hemsworth;/people/person/place_of_birth;London;5;Gerard Hemsworth
Geoffrey Stevens (journalist);/people/person/place_of_birth;London;-1;Geoffrey Stevens (journalist)
Charles Hastings Doyle;/people/person/place_of_birth;London;5;Charles Hastings Doyle
Richard Corbould;/people/person/place_of_birth;London;5;Richard Corbould
Frederic Bayco;/people/person/place_of_birth;London;5;Frederic Bayco
David Parry (folk musician);/people/person/place_of_birth;London;5;David Parry (folk musician)
Mark Stone (baritone);/people/person/place_of_birth;London;5;Mark Stone (baritone)
James William Wallack;/people/person/place_of_birth;London;5;James William Wallack
Timothy Foote;/people/person/place_of_birth;London;5;Timothy Foote
Edward Alfred Cowper;/people/person/place_of_birth;London;5;Edward Alfred Cowper
Jeremy Holmes;/people/person/place_of_birth;London;5;Jeremy Holmes
Deepa Kaul;/people/person/place_of_birth;London;5;Deepa Kaul
Thomas E. Wilson;/people/person/place_of_birth;London;-5;Thomas E. Wilson
Stephen Griew;/people/person/place_of_birth;London;5;Stephen Griew
Thomas Taylor (neoplatonist);/people/person/place_of_birth;London;5;Thomas Taylor (neoplatonist)
Henry W. Lee;/people/person/place_of_birth;London;5;Henry W. Lee
Lawrence Walford;/people/person/place_of_birth;London;5;Lawrence Walford
E. W. Dickes;/people/person/place_of_birth;London;5;E. W. Dickes
Toby Cockerell;/people/person/place_of_birth;London;5;Toby Cockerell
Joan Vincent Murray;/people/person/place_of_birth;London;5;Joan Vincent Murray
Neil Zakiewicz;/people/person/place_of_birth;London;5;Neil Zakiewicz
Arthur Wakefield;/people/person/place_of_birth;London;-5;Arthur Wakefield
Symeon Cosburn;/people/person/place_of_birth;London;5;Symeon Cosburn
Alain de Cadenet;/people/person/place_of_birth;London;5;Alain de Cadenet
Richard West (journalist);/people/person/place_of_birth;London;5;Richard West (journalist)
Desi Williams;/people/person/place_of_birth;London;5;Desi Williams
Malcolm Cecil;/people/person/place_of_birth;London;5;Malcolm Cecil
Harry Calvert;/people/person/place_of_birth;London;-5;Harry Calvert
Charles Ejogo;/people/person/place_of_birth;London;5;Charles Ejogo
Thomas Adams (musician);/people/person/place_of_birth;London;5;Thomas Adams (musician)
Alaric Alexander Watts;/people/person/place_of_birth;London;5;Alaric Alexander Watts
Victor Henny;/people/person/place_of_birth;London;-3;Victor Henny
Charles Dixon (ornithologist);/people/person/place_of_birth;London;5;Charles Dixon (ornithologist)
Geoffrey Acland;/people/person/place_of_birth;London;-1;Geoffrey Acland
Tim Benjamin;/people/person/place_of_birth;London;5;Tim Benjamin
Henry Neele;/people/person/place_of_birth;London;5;Henry Neele
George FitzGeorge;/people/person/place_of_birth;London;5;George FitzGeorge
Thomas Morton Harper;/people/person/place_of_birth;London;5;Thomas Morton Harper
Henry Dawe;/people/person/place_of_birth;London;-5;Henry Dawe
Matthew Price;/people/person/place_of_birth;London;5;Matthew Price
Laurie Allan;/people/person/place_of_birth;London;5;Laurie Allan
John Edwin (1749–1790);/people/person/place_of_birth;London;5;John Edwin (1749–1790)
Edmund Hobhouse;/people/person/place_of_birth;London;5;Edmund Hobhouse
Johnny Mowlem;/people/person/place_of_birth;London;5;Johnny Mowlem
Richard Vale;/people/person/place_of_birth;London;5;Richard Vale
Reginald Brett, 2nd Viscount Esher;/people/person/place_of_birth;London;5;Reginald Brett, 2nd Viscount Esher
Terry Byrne;/people/person/place_of_birth;London;5;Terry Byrne
Antonia Okonma;/people/person/place_of_birth;London;5;Antonia Okonma
Ursula Hoff;/people/person/place_of_birth;London;5;Ursula Hoff
Mary Rose Young;/people/person/place_of_birth;London;-5;Mary Rose Young
Neville Maxwell;/people/person/place_of_birth;London;5;Neville Maxwell
Steven Alexander;/people/person/place_of_birth;London;5;Steven Alexander
Sebastian Dacey;/people/person/place_of_birth;London;5;Sebastian Dacey
George Stone (bishop);/people/person/place_of_birth;London;5;George Stone (bishop)
Alison Waters;/people/person/place_of_birth;London;5;Alison Waters
Robert Bourne (developer);/people/person/place_of_birth;London;5;Robert Bourne (developer)
George Georgiou;/people/person/place_of_birth;London;5;George Georgiou
Rhett Davies;/people/person/place_of_birth;London;5;Rhett Davies
Zoe McConnell;/people/person/place_of_birth;London;-1;Zoe McConnell
David J. Farrar;/people/person/place_of_birth;London;5;David J. Farrar
William Main Page;/people/person/place_of_birth;London;5;William Main Page
Frank Holl;/people/person/place_of_birth;London;5;Frank Holl
Stan Rosenthal;/people/person/place_of_birth;London;5;Stan Rosenthal
Christopher Hobbs;/people/person/place_of_birth;London;-5;Christopher Hobbs
John Howard (author);/people/person/place_of_birth;London;5;John Howard (author)
John Duncombe (writer);/people/person/place_of_birth;London;5;John Duncombe (writer)
Keith Wiggins;/people/person/place_of_birth;London;5;Keith Wiggins
Algernon Methuen;/people/person/place_of_birth;London;5;Algernon Methuen
Jay Neill (actor);/people/person/place_of_birth;London;5;Jay Neill (actor)
Michael Swanton;/people/person/place_of_birth;London;5;Michael Swanton
Peter Dowdeswell;/people/person/place_of_birth;London;5;Peter Dowdeswell
John David Hennessey;/people/person/place_of_birth;London;5;John David Hennessey
Cliff Jones (musician);/people/person/place_of_birth;London;5;Cliff Jones (musician)
Alfred Hackman;/people/person/place_of_birth;London;-5;Alfred Hackman
Malcolm Wakeford;/people/person/place_of_birth;London;-5;Malcolm Wakeford
Robin Gillett;/people/person/place_of_birth;London;5;Robin Gillett
David Vaughan (dance archivist);/people/person/place_of_birth;London;5;David Vaughan (dance archivist)
William Henry Anderdon;/people/person/place_of_birth;London;5;William Henry Anderdon
Harry Zvi Tabor;/people/person/place_of_birth;London;5;Harry Zvi Tabor
William Byrne (engraver);/people/person/place_of_birth;London;5;William Byrne (engraver)
Thomas Cole (minister);/people/person/place_of_birth;London;-5;Thomas Cole (minister)
Samuel Verblunsky;/people/person/place_of_birth;London;5;Samuel Verblunsky
Janet Coster;/people/person/place_of_birth;London;5;Janet Coster
Graham Reilly;/people/person/place_of_birth;London;3;Graham Reilly
Thalia Pellegrini;/people/person/place_of_birth;London;5;Thalia Pellegrini
Bertie Felstead;/people/person/place_of_birth;London;5;Bertie Felstead
Charles Mayo (Anglo-Saxon scholar);/people/person/place_of_birth;London;5;Charles Mayo (Anglo-Saxon scholar)
Abraham Aurelius;/people/person/place_of_birth;London;-3;Abraham Aurelius
Derrick Leon;/people/person/place_of_birth;London;5;Derrick Leon
Nick Grosso;/people/person/place_of_birth;London;5;Nick Grosso
George Russell French;/people/person/place_of_birth;London;5;George Russell French
Charles Kennedy Scott;/people/person/place_of_birth;London;-3;Charles Kennedy Scott
William Emery;/people/person/place_of_birth;London;5;William Emery
Andrew Waterman;/people/person/place_of_birth;London;5;Andrew Waterman
William Garnett (civil servant);/people/person/place_of_birth;London;5;William Garnett (civil servant)
Alice Harrison;/people/person/place_of_birth;London;5;Alice Harrison
Ethel Merston;/people/person/place_of_birth;London;5;Ethel Merston
Wally Stocker;/people/person/place_of_birth;London;5;Wally Stocker
Dmitry Grigorieff;/people/person/place_of_birth;London;5;Dmitry Grigorieff
Gilbert John Arrow;/people/person/place_of_birth;London;5;Gilbert John Arrow
Sampson Low;/people/person/place_of_birth;London;5;Sampson Low
Peter G. Engelman;/people/person/place_of_birth;London;5;Peter G. Engelman
Mark Farmer (actor);/people/person/place_of_birth;London;5;Mark Farmer (actor)
Joe Daly;/people/person/place_of_birth;London;5;Joe Daly
Isidor Clinton Rubin;/people/person/place_of_birth;London;-3;Isidor Clinton Rubin
Thomas Gerald Room;/people/person/place_of_birth;London;-5;Thomas Gerald Room
Mehran Khaghani;/people/person/place_of_birth;London;5;Mehran Khaghani
Nigel Preston;/people/person/place_of_birth;London;5;Nigel Preston
Christopher Headington;/people/person/place_of_birth;London;5;Christopher Headington
John Barry (set designer);/people/person/place_of_birth;London;5;John Barry (set designer)
Olivia Poulet;/people/person/place_of_birth;London;5;Olivia Poulet
Robert Briffault;/people/person/place_of_birth;London;1;Robert Briffault
Michael Jaffé;/people/person/place_of_birth;London;5;Michael Jaffé
Stephen Atkinson (metallurgist);/people/person/place_of_birth;London;-5;Stephen Atkinson (metallurgist)
Barbara C. Freeman;/people/person/place_of_birth;London;-5;Barbara C. Freeman
Adrian Bowyer;/people/person/place_of_birth;London;5;Adrian Bowyer
Robb Gravett;/people/person/place_of_birth;London;5;Robb Gravett
Steve Laine;/people/person/place_of_birth;London;5;Steve Laine
David Smith (English politician);/people/person/place_of_birth;London;5;David Smith (English politician)
Gordon Jennings Laing;/people/person/place_of_birth;London;-3;Gordon Jennings Laing
Tom Arnold (politician);/people/person/place_of_birth;London;5;Tom Arnold (politician)
Guy de Cointet;/people/person/place_of_birth;Paris;5;Guy de Cointet
Nick Pugh;/people/person/place_of_birth;Paris;5;Nick Pugh
Renaud Gagneux;/people/person/place_of_birth;Paris;5;Renaud Gagneux
Jean Gallon;/people/person/place_of_birth;Paris;5;Jean Gallon
Jane Bathori;/people/person/place_of_birth;Paris;5;Jane Bathori
Marcel Alexandre Bertrand;/people/person/place_of_birth;Paris;5;Marcel Alexandre Bertrand
Abel Dimier;/people/person/place_of_birth;Paris;5;Abel Dimier
Bernard Cassen;/people/person/place_of_birth;Paris;5;Bernard Cassen
René Renoult;/people/person/place_of_birth;Paris;5;René Renoult
Farid Chopel;/people/person/place_of_birth;Paris;5;Farid Chopel
François Maspero;/people/person/place_of_birth;Paris;5;François Maspero
Thibaut de Reimpré;/people/person/place_of_birth;Paris;5;Thibaut de Reimpré
Charles Collé;/people/person/place_of_birth;Paris;5;Charles Collé
Bertrand Lamarche;/people/person/place_of_birth;Paris;3;Bertrand Lamarche
Louis Godin;/people/person/place_of_birth;Paris;5;Louis Godin
Elsa Lunghini;/people/person/place_of_birth;Paris;5;Elsa Lunghini
Lucien Laurent Bonheur;/people/person/place_of_birth;Paris;5;Lucien Laurent Bonheur
François-Anne David;/people/person/place_of_birth;Paris;5;François-Anne David
Jean Baptiste Claude Chatelain;/people/person/place_of_birth;Paris;5;Jean Baptiste Claude Chatelain
Gérard Granel;/people/person/place_of_birth;Paris;5;Gérard Granel
Martin Malvy;/people/person/place_of_birth;Paris;5;Martin Malvy
Claude Piel;/people/person/place_of_birth;Paris;5;Claude Piel
Georges Henri Roger;/people/person/place_of_birth;Paris;5;Georges Henri Roger
Albert Geouffre de Lapradelle;/people/person/place_of_birth;Paris;5;Albert Geouffre de Lapradelle
Claude Weisz;/people/person/place_of_birth;Paris;5;Claude Weisz
Dominique Sanson;/people/person/place_of_birth;Paris;5;Dominique Sanson
Armand Toussaint;/people/person/place_of_birth;Paris;5;Armand Toussaint
Hervé Alphand;/people/person/place_of_birth;Paris;5;Hervé Alphand
Pierre Lecomte du Noüy;/people/person/place_of_birth;Paris;5;Pierre Lecomte du Noüy
Alexandre Desgoffe;/people/person/place_of_birth;Paris;5;Alexandre Desgoffe
Léonce Alloy;/people/person/place_of_birth;Paris;5;Léonce Alloy
Catherine Keller (artist);/people/person/place_of_birth;Paris;5;Catherine Keller (artist)
Patrick Lemarié;/people/person/place_of_birth;Paris;5;Patrick Lemarié
Émile Lévy;/people/person/place_of_birth;Paris;5;Émile Lévy
Pierre Cartellier;/people/person/place_of_birth;Paris;5;Pierre Cartellier
Yves Roucaute;/people/person/place_of_birth;Paris;5;Yves Roucaute
Marianne Peretti;/people/person/place_of_birth;Paris;5;Marianne Peretti
Sébastien Denis;/people/person/place_of_birth;Paris;5;Sébastien Denis
Claude Duflos;/people/person/place_of_birth;Paris;5;Claude Duflos
François Lehideux;/people/person/place_of_birth;Paris;5;François Lehideux
Ibrahim Diarra;/people/person/place_of_birth;Paris;5;Ibrahim Diarra
Philippe Risoli;/people/person/place_of_birth;Paris;5;Philippe Risoli
Ernest Breton;/people/person/place_of_birth;Paris;5;Ernest Breton
Serge Collot;/people/person/place_of_birth;Paris;5;Serge Collot
Albert Vizentini;/people/person/place_of_birth;Paris;5;Albert Vizentini
Hippolyte Cloquet;/people/person/place_of_birth;Paris;-3;Hippolyte Cloquet
Antoine Verglas;/people/person/place_of_birth;Paris;5;Antoine Verglas
Cornélie Falcon;/people/person/place_of_birth;Paris;5;Cornélie Falcon
Hélène Carrère d'Encausse;/people/person/place_of_birth;Paris;5;Hélène Carrère d'Encausse
Charles Cotin;/people/person/place_of_birth;Paris;5;Charles Cotin
Yvette Giraud;/people/person/place_of_birth;Paris;5;Yvette Giraud
Nikos Aliagas;/people/person/place_of_birth;Paris;5;Nikos Aliagas
Marc Sangnier;/people/person/place_of_birth;Paris;5;Marc Sangnier
Georges Hugon;/people/person/place_of_birth;Paris;5;Georges Hugon
Ernst Friedrich;/people/person/place_of_birth;Paris;5;Ernst Friedrich
Marie Nicolas Sylvestre Guillon;/people/person/place_of_birth;Paris;5;Marie Nicolas Sylvestre Guillon
Constant Ferdinand Burille;/people/person/place_of_birth;Paris;3;Constant Ferdinand Burille
Charles Nicholas Aubé;/people/person/place_of_birth;Paris;5;Charles Nicholas Aubé
Henri de Contenson;/people/person/place_of_birth;Paris;5;Henri de Contenson
Marthe Chenal;/people/person/place_of_birth;Paris;5;Marthe Chenal
Jules Louis Lewal;/people/person/place_of_birth;Paris;5;Jules Louis Lewal
Frédéric Durieux;/people/person/place_of_birth;Paris;5;Frédéric Durieux
Henri Nussbaumer;/people/person/place_of_birth;Paris;5;Henri Nussbaumer
Robert Lecou;/people/person/place_of_birth;Paris;5;Robert Lecou
Alain Ehrenberg;/people/person/place_of_birth;Paris;5;Alain Ehrenberg
Jean Noël Hallé;/people/person/place_of_birth;Paris;5;Jean Noël Hallé
Léon Gimpel;/people/person/place_of_birth;Paris;5;Léon Gimpel
David Bret;/people/person/place_of_birth;Paris;5;David Bret
Jules de Gaultier;/people/person/place_of_birth;Paris;5;Jules de Gaultier
Louis Mazetier;/people/person/place_of_birth;Paris;5;Louis Mazetier
Nicolas Colibert;/people/person/place_of_birth;Paris;5;Nicolas Colibert
Julien Noël Costantin;/people/person/place_of_birth;Paris;-3;Julien Noël Costantin
Jeanne Deroin;/people/person/place_of_birth;Paris;5;Jeanne Deroin
Theophilus de Garencières;/people/person/place_of_birth;Paris;5;Theophilus de Garencières
François Pourfour du Petit;/people/person/place_of_birth;Paris;-1;François Pourfour du Petit
René Mayer;/people/person/place_of_birth;Paris;5;René Mayer
Françoise Claustre;/people/person/place_of_birth;Paris;5;Françoise Claustre
Florent Fidèle Constant Bourgeois;/people/person/place_of_birth;Paris;5;Florent Fidèle Constant Bourgeois
Jean Cotelle;/people/person/place_of_birth;Paris;5;Jean Cotelle
Adolphe Cohn;/people/person/place_of_birth;Paris;5;Adolphe Cohn
Jacques d'Agar;/people/person/place_of_birth;Paris;5;Jacques d'Agar
André Léri;/people/person/place_of_birth;Paris;5;André Léri
Laurent Boyer;/people/person/place_of_birth;Paris;5;Laurent Boyer
Gabriel Bertrand;/people/person/place_of_birth;Paris;5;Gabriel Bertrand
Germinal Pierre Dandelin;/people/person/place_of_birth;Paris;-3;Germinal Pierre Dandelin
Henry Lerolle;/people/person/place_of_birth;Paris;5;Henry Lerolle
Louis Dorléans;/people/person/place_of_birth;Paris;5;Louis Dorléans
Paul Lacroix;/people/person/place_of_birth;Paris;5;Paul Lacroix
Yannick Pouliot;/people/person/place_of_birth;Paris;5;Yannick Pouliot
Christelle Lefranc;/people/person/place_of_birth;Paris;1;Christelle Lefranc
Lola Artôt de Padilla;/people/person/place_of_birth;Paris;-5;Lola Artôt de Padilla
Jacques Autreau;/people/person/place_of_birth;Paris;5;Jacques Autreau
Hugues Krafft;/people/person/place_of_birth;Paris;5;Hugues Krafft
Dumont de Montigny;/people/person/place_of_birth;Paris;5;Dumont de Montigny
Pierre Joxe;/people/person/place_of_birth;Paris;5;Pierre Joxe
Mathieu Blin;/people/person/place_of_birth;Paris;5;Mathieu Blin
Joseph Naudet;/people/person/place_of_birth;Paris;-3;Joseph Naudet
Noël Gallon;/people/person/place_of_birth;Paris;5;Noël Gallon
Alfred Darjou;/people/person/place_of_birth;Paris;5;Alfred Darjou
Michio Ihara;/people/person/place_of_birth;Paris;5;Michio Ihara
Henri Perreyve;/people/person/place_of_birth;Paris;5;Henri Perreyve
Leon Athanese Gosselin;/people/person/place_of_birth;Paris;3;Leon Athanese Gosselin
Eugène Brieux;/people/person/place_of_birth;Paris;5;Eugène Brieux
Jan Bull;/people/person/place_of_birth;Paris;5;Jan Bull
Morris Bear Squire;/people/person/place_of_birth;Chicago;5;Morris Bear Squire
Johanna Meier;/people/person/place_of_birth;Chicago;5;Johanna Meier
James Adler;/people/person/place_of_birth;Chicago;5;James Adler
Wolfgang Baur;/people/person/place_of_birth;Chicago;5;Wolfgang Baur
Paul Willis (actor);/people/person/place_of_birth;Chicago;5;Paul Willis (actor)
Al Cotey;/people/person/place_of_birth;Chicago;5;Al Cotey
Arthur Yoria;/people/person/place_of_birth;Chicago;5;Arthur Yoria
Thomas R. Fitzgerald;/people/person/place_of_birth;Chicago;5;Thomas R. Fitzgerald
Kip King;/people/person/place_of_birth;Chicago;5;Kip King
Wallace Bishop;/people/person/place_of_birth;Chicago;5;Wallace Bishop
Raymond Monsour Scurfield;/people/person/place_of_birth;Chicago;5;Raymond Monsour Scurfield
Carl R. Chindblom;/people/person/place_of_birth;Chicago;5;Carl R. Chindblom
Mary Jayne Gold;/people/person/place_of_birth;Chicago;5;Mary Jayne Gold
Axel Leonard Melander;/people/person/place_of_birth;Chicago;5;Axel Leonard Melander
Dino Wells;/people/person/place_of_birth;Chicago;5;Dino Wells
Joe Zakas;/people/person/place_of_birth;Chicago;5;Joe Zakas
Tim McGill;/people/person/place_of_birth;Chicago;5;Tim McGill
Ron Westrum;/people/person/place_of_birth;Chicago;5;Ron Westrum
Raymond R. Schumacher;/people/person/place_of_birth;Chicago;5;Raymond R. Schumacher
Jack Petticord;/people/person/place_of_birth;Chicago;5;Jack Petticord
Robert E. Merriam;/people/person/place_of_birth;Chicago;5;Robert E. Merriam
Phillip Jackson (American politician);/people/person/place_of_birth;Chicago;5;Phillip Jackson (American politician)
David Schrader;/people/person/place_of_birth;Chicago;5;David Schrader
Charlene McMann;/people/person/place_of_birth;Chicago;5;Charlene McMann
Brian Bram;/people/person/place_of_birth;Chicago;5;Brian Bram
No I.D.;/people/person/place_of_birth;Chicago;3;No I.D.
Ed Rossbach;/people/person/place_of_birth;Chicago;5;Ed Rossbach
Stewart G. Honeck;/people/person/place_of_birth;Chicago;5;Stewart G. Honeck
Rick Holbrook;/people/person/place_of_birth;Chicago;5;Rick Holbrook
Frank Kaderabek;/people/person/place_of_birth;Chicago;5;Frank Kaderabek
Dean Richards (reporter);/people/person/place_of_birth;Chicago;-1;Dean Richards (reporter)
Steve Bjorklund;/people/person/place_of_birth;Chicago;5;Steve Bjorklund
Leslie Allen (racing driver);/people/person/place_of_birth;Chicago;5;Leslie Allen (racing driver)
James Burnham;/people/person/place_of_birth;Chicago;5;James Burnham
Ruth Fuller Sasaki;/people/person/place_of_birth;Chicago;5;Ruth Fuller Sasaki
Bernard Brodie (military strategist);/people/person/place_of_birth;Chicago;5;Bernard Brodie (military strategist)
William Kraft;/people/person/place_of_birth;Chicago;5;William Kraft
Louis Antonelli;/people/person/place_of_birth;Chicago;5;Louis Antonelli
Dennis Rea;/people/person/place_of_birth;Chicago;5;Dennis Rea
Nick Dranias;/people/person/place_of_birth;Chicago;5;Nick Dranias
Mary Lou Munts;/people/person/place_of_birth;Chicago;5;Mary Lou Munts
Joel Honig;/people/person/place_of_birth;Chicago;5;Joel Honig
Daniel M. Hausman;/people/person/place_of_birth;Chicago;5;Daniel M. Hausman
Michael Colgrass;/people/person/place_of_birth;Chicago;5;Michael Colgrass
John Mann Goggin;/people/person/place_of_birth;Chicago;5;John Mann Goggin
Fenton Johnson (poet);/people/person/place_of_birth;Chicago;5;Fenton Johnson (poet)
Donald Kalish;/people/person/place_of_birth;Chicago;5;Donald Kalish
Lowrell Simon;/people/person/place_of_birth;Chicago;5;Lowrell Simon
Jacques Benedict;/people/person/place_of_birth;Chicago;5;Jacques Benedict
Steve Miller (athletics);/people/person/place_of_birth;Chicago;5;Steve Miller (athletics)
Bill Barminski;/people/person/place_of_birth;Chicago;5;Bill Barminski
Vincent A. Mahler;/people/person/place_of_birth;Chicago;3;Vincent A. Mahler
Nathan B. Spingold;/people/person/place_of_birth;Chicago;5;Nathan B. Spingold
Paul Conway (archivist);/people/person/place_of_birth;Chicago;5;Paul Conway (archivist)
William Francis Whitman, Jr.;/people/person/place_of_birth;Chicago;5;William Francis Whitman, Jr.
Wendy White (mezzo-soprano);/people/person/place_of_birth;Chicago;5;Wendy White (mezzo-soprano)
Byron Morrow;/people/person/place_of_birth;Chicago;5;Byron Morrow
Francis Davis;/people/person/place_of_birth;Philadelphia;5;Francis Davis
Jim Boyd (actor);/people/person/place_of_birth;Philadelphia;5;Jim Boyd (actor)
Spencer Wishart;/people/person/place_of_birth;Philadelphia;5;Spencer Wishart
Daniel Spielman;/people/person/place_of_birth;Philadelphia;5;Daniel Spielman
Joel Myers;/people/person/place_of_birth;Philadelphia;-5;Joel Myers
Edwin Milton Abbott;/people/person/place_of_birth;Philadelphia;5;Edwin Milton Abbott
Festus Walters;/people/person/place_of_birth;Philadelphia;1;Festus Walters
Freddy Winnai;/people/person/place_of_birth;Philadelphia;5;Freddy Winnai
Harrison Allen;/people/person/place_of_birth;Philadelphia;5;Harrison Allen
Benjamin Franklin Bache (journalist);/people/person/place_of_birth;Philadelphia;-3;Benjamin Franklin Bache (journalist)
Johnny Zito;/people/person/place_of_birth;Philadelphia;-3;Johnny Zito
Tom Mattera;/people/person/place_of_birth;Philadelphia;5;Tom Mattera
Jeff Chandler (boxer);/people/person/place_of_birth;Philadelphia;5;Jeff Chandler (boxer)
Dick Stockton;/people/person/place_of_birth;Philadelphia;5;Dick Stockton
Stanley Corrsin;/people/person/place_of_birth;Philadelphia;5;Stanley Corrsin
James Zug;/people/person/place_of_birth;Philadelphia;5;James Zug
Richie Dent;/people/person/place_of_birth;Philadelphia;5;Richie Dent
Andrew Repasky McElhinney;/people/person/place_of_birth;Philadelphia;5;Andrew Repasky McElhinney
Gloria Mann;/people/person/place_of_birth;Philadelphia;5;Gloria Mann
Tony Trov;/people/person/place_of_birth;Philadelphia;-5;Tony Trov
Sasha Neulinger;/people/person/place_of_birth;Philadelphia;5;Sasha Neulinger
Bernie Lowe;/people/person/place_of_birth;Philadelphia;5;Bernie Lowe
Stanley Sporkin;/people/person/place_of_birth;Philadelphia;5;Stanley Sporkin
Leon Bass;/people/person/place_of_birth;Philadelphia;5;Leon Bass
Thomas Pole;/people/person/place_of_birth;Philadelphia;5;Thomas Pole
Barry Lee Myers;/people/person/place_of_birth;Philadelphia;-3;Barry Lee Myers
Gregory V. Palmer;/people/person/place_of_birth;Philadelphia;5;Gregory V. Palmer
Dave Mazzoni;/people/person/place_of_birth;Philadelphia;5;Dave Mazzoni
Edwin E. Wagner;/people/person/place_of_birth;Philadelphia;5;Edwin E. Wagner
Frank J. Webb;/people/person/place_of_birth;Philadelphia;5;Frank J. Webb
Lawrence Townsend;/people/person/place_of_birth;Philadelphia;5;Lawrence Townsend
Lou Stein;/people/person/place_of_birth;Philadelphia;5;Lou Stein
Terry Smith (radio);/people/person/place_of_birth;Philadelphia;-3;Terry Smith (radio)
Graham Salisbury;/people/person/place_of_birth;Philadelphia;5;Graham Salisbury
Henry Taylor (boxer);/people/person/place_of_birth;Philadelphia;5;Henry Taylor (boxer)
Thomas Wright Rudderow;/people/person/place_of_birth;Philadelphia;5;Thomas Wright Rudderow
Susan Denin;/people/person/place_of_birth;Philadelphia;5;Susan Denin
Seymour S. Kety;/people/person/place_of_birth;Philadelphia;-3;Seymour S. Kety
George Brunner (composer);/people/person/place_of_birth;Philadelphia;5;George Brunner (composer)
Frederick Fraley;/people/person/place_of_birth;Philadelphia;5;Frederick Fraley
Paul Pope;/people/person/place_of_birth;Philadelphia;5;Paul Pope
Spencer Bonfiglio;/people/person/place_of_birth;Philadelphia;5;Spencer Bonfiglio
Stephen William White;/people/person/place_of_birth;Philadelphia;5;Stephen William White
Eric Ash;/people/person/place_of_birth;Berlin;5;Eric Ash
Oskar Simon;/people/person/place_of_birth;Berlin;-5;Oskar Simon
Heinz Oestergaard;/people/person/place_of_birth;Berlin;5;Heinz Oestergaard
Joachim Martin Falbe;/people/person/place_of_birth;Berlin;5;Joachim Martin Falbe
Walter Ehrlich;/people/person/place_of_birth;Berlin;5;Walter Ehrlich
Peter Lachmann;/people/person/place_of_birth;Berlin;5;Peter Lachmann
Leopold Casper;/people/person/place_of_birth;Berlin;5;Leopold Casper
Avner W. Less;/people/person/place_of_birth;Berlin;5;Avner W. Less
Walther Kruse;/people/person/place_of_birth;Berlin;-5;Walther Kruse
Albert Heinrich Brendel;/people/person/place_of_birth;Berlin;5;Albert Heinrich Brendel
Robert Welch (Wisconsin politician);/people/person/place_of_birth;Berlin;-3;Robert Welch (Wisconsin politician)
Hans Reiche;/people/person/place_of_birth;Berlin;5;Hans Reiche
William Charles Brenke;/people/person/place_of_birth;Berlin;5;William Charles Brenke
Carl Strehl;/people/person/place_of_birth;Berlin;5;Carl Strehl
Valli Valli;/people/person/place_of_birth;Berlin;5;Valli Valli
Daniel French (inventor);/people/person/place_of_birth;Berlin;-5;Daniel French (inventor)
Shlomo Wolbe;/people/person/place_of_birth;Berlin;5;Shlomo Wolbe
Georges Borchardt;/people/person/place_of_birth;Berlin;5;Georges Borchardt
Don Mankiewicz;/people/person/place_of_birth;Berlin;5;Don Mankiewicz
Eric Goldberg (artist);/people/person/place_of_birth;Berlin;5;Eric Goldberg (artist)
Wilhelm Sander;/people/person/place_of_birth;Berlin;5;Wilhelm Sander
Hans P. Kraus;/people/person/place_of_birth;Berlin;-5;Hans P. Kraus
Guy De Saint Cyr;/people/person/place_of_birth;Berlin;5;Guy De Saint Cyr
Richard Bohn;/people/person/place_of_birth;Berlin;5;Richard Bohn
Edward W. Greenman;/people/person/place_of_birth;Berlin;-3;Edward W. Greenman
Georg Ruge;/people/person/place_of_birth;Berlin;-3;Georg Ruge
Erich Franz Eugen Bracht;/people/person/place_of_birth;Berlin;-1;Erich Franz Eugen Bracht
Erich Werdermann;/people/person/place_of_birth;Berlin;5;Erich Werdermann
Thomas Sasse;/people/person/place_of_birth;Berlin;-3;Thomas Sasse
Samuel von Schmettau;/people/person/place_of_birth;Berlin;5;Samuel von Schmettau
Elfie Wörner;/people/person/place_of_birth;Berlin;5;Elfie Wörner
Ernst Mehlich;/people/person/place_of_birth;Berlin;5;Ernst Mehlich
Johann Christoph Friedrich Klug;/people/person/place_of_birth;Berlin;5;Johann Christoph Friedrich Klug
Max Lehmann;/people/person/place_of_birth;Berlin;5;Max Lehmann
Monika Meyer (footballer);/people/person/place_of_birth;Berlin;5;Monika Meyer (footballer)
Jan Paweł Nowacki;/people/person/place_of_birth;Berlin;5;Jan Paweł Nowacki
Moritz Litten;/people/person/place_of_birth;Berlin;-5;Moritz Litten
Carl Anton Ewald;/people/person/place_of_birth;Berlin;-3;Carl Anton Ewald
Franz Ludwig Catel;/people/person/place_of_birth;Berlin;5;Franz Ludwig Catel
Karl Friedrich von Klöden;/people/person/place_of_birth;Berlin;5;Karl Friedrich von Klöden
Julius Zupitza;/people/person/place_of_birth;Berlin;-3;Julius Zupitza
Käte Stresemann;/people/person/place_of_birth;Berlin;3;Käte Stresemann
Meike Evers;/people/person/place_of_birth;Berlin;5;Meike Evers
J. J. Stevenson;/people/person/place_of_birth;Glasgow;5;J. J. Stevenson
Thomas Barclay (missionary);/people/person/place_of_birth;Glasgow;5;Thomas Barclay (missionary)
Thomas Atkinson (poet);/people/person/place_of_birth;Glasgow;-3;Thomas Atkinson (poet)
Kris Kane;/people/person/place_of_birth;Glasgow;5;Kris Kane
Robert McCrindle;/people/person/place_of_birth;Glasgow;5;Robert McCrindle
Julia Goss;/people/person/place_of_birth;Glasgow;-3;Julia Goss
Hugh Fraser, 1st Baron Fraser of Allander;/people/person/place_of_birth;Glasgow;5;Hugh Fraser, 1st Baron Fraser of Allander
Alan Thomson (musician);/people/person/place_of_birth;Glasgow;5;Alan Thomson (musician)
William Atherton (lawyer);/people/person/place_of_birth;Glasgow;5;William Atherton (lawyer)
Mary Ann Kennedy (Scottish singer);/people/person/place_of_birth;Glasgow;5;Mary Ann Kennedy (Scottish singer)
Albert McElroy;/people/person/place_of_birth;Glasgow;5;Albert McElroy
Mary Macmaster;/people/person/place_of_birth;Glasgow;5;Mary Macmaster
Thomas Haughey;/people/person/place_of_birth;Glasgow;5;Thomas Haughey
James A. MacAlister;/people/person/place_of_birth;Glasgow;5;James A. MacAlister
Lynn Faulds Wood;/people/person/place_of_birth;Glasgow;5;Lynn Faulds Wood
Denis McQuade;/people/person/place_of_birth;Glasgow;5;Denis McQuade
Kenny Brannigan;/people/person/place_of_birth;Glasgow;5;Kenny Brannigan
Douglas Simpson;/people/person/place_of_birth;Glasgow;5;Douglas Simpson
Ian Steel;/people/person/place_of_birth;Glasgow;5;Ian Steel
John Stewart Kennedy;/people/person/place_of_birth;Glasgow;-5;John Stewart Kennedy
William Carstares;/people/person/place_of_birth;Glasgow;-5;William Carstares
Henry Boyd;/people/person/place_of_birth;Glasgow;-5;Henry Boyd
David Marshall Mason;/people/person/place_of_birth;Glasgow;-5;David Marshall Mason
Adam McLean;/people/person/place_of_birth;Glasgow;5;Adam McLean
Thomas Gardiner (publisher);/people/person/place_of_birth;Glasgow;-5;Thomas Gardiner (publisher)
George Henry Walton;/people/person/place_of_birth;Glasgow;5;George Henry Walton
Vishal Marwaha;/people/person/place_of_birth;Glasgow;5;Vishal Marwaha
Fergus Morton, Baron Morton of Henryton;/people/person/place_of_birth;Glasgow;5;Fergus Morton, Baron Morton of Henryton
Jamielee McPherson;/people/person/place_of_birth;Glasgow;5;Jamielee McPherson
John Stephen;/people/person/place_of_birth;Glasgow;5;John Stephen
Pat Gerber;/people/person/place_of_birth;Glasgow;5;Pat Gerber
James Nisbet;/people/person/place_of_birth;Glasgow;-5;James Nisbet
James Kinlay;/people/person/place_of_birth;Glasgow;5;James Kinlay
Jimmy Cooper (musician);/people/person/place_of_birth;Glasgow;-5;Jimmy Cooper (musician)
Randolph Colville;/people/person/place_of_birth;Glasgow;5;Randolph Colville
Walter Douglas;/people/person/place_of_birth;Glasgow;5;Walter Douglas
Ken Ritchie;/people/person/place_of_birth;Glasgow;5;Ken Ritchie
Jonathan Shearer;/people/person/place_of_birth;Glasgow;5;Jonathan Shearer
John Baird (Wolverhampton MP);/people/person/place_of_birth;Glasgow;5;John Baird (Wolverhampton MP)
John Junor;/people/person/place_of_birth;Glasgow;5;John Junor
Louisa Stevenson;/people/person/place_of_birth;Glasgow;5;Louisa Stevenson
John Fisher (opera director);/people/person/place_of_birth;Glasgow;5;John Fisher (opera director)
Christopher Whyte;/people/person/place_of_birth;Glasgow;5;Christopher Whyte
Henry Saxe;/people/person/place_of_birth;Montreal;5;Henry Saxe
Christopher Benfield Carter;/people/person/place_of_birth;Montreal;5;Christopher Benfield Carter
Kris Lefcoe;/people/person/place_of_birth;Montreal;5;Kris Lefcoe
William Reed (musician);/people/person/place_of_birth;Montreal;5;William Reed (musician)
Gerry Markman;/people/person/place_of_birth;Montreal;5;Gerry Markman
François Desjardins;/people/person/place_of_birth;Montreal;5;François Desjardins
Marcel Faribault;/people/person/place_of_birth;Montreal;5;Marcel Faribault
Antoine Ouilmette;/people/person/place_of_birth;Montreal;-5;Antoine Ouilmette
Gilles Latulippe;/people/person/place_of_birth;Montreal;5;Gilles Latulippe
John McKay (pianist);/people/person/place_of_birth;Montreal;5;John McKay (pianist)
Donald Steven;/people/person/place_of_birth;Montreal;5;Donald Steven
Léo Lévesque;/people/person/place_of_birth;Montreal;5;Léo Lévesque
Alain Boire;/people/person/place_of_birth;Montreal;5;Alain Boire
Lionel Tiger;/people/person/place_of_birth;Montreal;5;Lionel Tiger
Merlin Bronques;/people/person/place_of_birth;Montreal;-3;Merlin Bronques
Bill Downe;/people/person/place_of_birth;Montreal;5;Bill Downe
Sébastien Leblanc;/people/person/place_of_birth;Montreal;5;Sébastien Leblanc
Albert Chamberland;/people/person/place_of_birth;Montreal;5;Albert Chamberland
Jean Désy;/people/person/place_of_birth;Montreal;5;Jean Désy
Ira Vail;/people/person/place_of_birth;Montreal;3;Ira Vail
Rodolphe Monty;/people/person/place_of_birth;Montreal;5;Rodolphe Monty
Wayne Eagling;/people/person/place_of_birth;Montreal;5;Wayne Eagling
Romain Pelletier;/people/person/place_of_birth;Montreal;5;Romain Pelletier
Howard Grant (boxer);/people/person/place_of_birth;Montreal;-3;Howard Grant (boxer)
Théophile Bruguier;/people/person/place_of_birth;Montreal;-5;Théophile Bruguier
John Mahaffy (ice hockey);/people/person/place_of_birth;Montreal;5;John Mahaffy (ice hockey)
Yolande Thibeault;/people/person/place_of_birth;Montreal;5;Yolande Thibeault
Norman Spector;/people/person/place_of_birth;Montreal;5;Norman Spector
René Gagnier;/people/person/place_of_birth;Montreal;5;René Gagnier
Thomas Morland;/people/person/place_of_birth;Montreal;5;Thomas Morland
Emmanuel Aquin;/people/person/place_of_birth;Montreal;5;Emmanuel Aquin
Gérald Gagnier;/people/person/place_of_birth;Montreal;3;Gérald Gagnier
Pierre Alexandre Tremblay;/people/person/place_of_birth;Montreal;5;Pierre Alexandre Tremblay
Pierre de Savoye;/people/person/place_of_birth;Montreal;5;Pierre de Savoye
David Atkinson (baritone);/people/person/place_of_birth;Montreal;5;David Atkinson (baritone)
Lynne Kositsky;/people/person/place_of_birth;Montreal;5;Lynne Kositsky
Gordon Stevenson;/people/person/place_of_birth;Dublin;-1;Gordon Stevenson
Thomas Southerne;/people/person/place_of_birth;Dublin;-5;Thomas Southerne
Seamus Martin;/people/person/place_of_birth;Dublin;5;Seamus Martin
Nathaniel Buchanan;/people/person/place_of_birth;Dublin;-5;Nathaniel Buchanan
Vivion de Valera;/people/person/place_of_birth;Dublin;5;Vivion de Valera
Jim Grace (Irish footballer);/people/person/place_of_birth;Dublin;5;Jim Grace (Irish footballer)
Fiachna Ó Braonáin;/people/person/place_of_birth;Dublin;5;Fiachna Ó Braonáin
Henry Ussher;/people/person/place_of_birth;Dublin;5;Henry Ussher
Jason Colwell;/people/person/place_of_birth;Dublin;5;Jason Colwell
Derek Murray (soccer);/people/person/place_of_birth;Dublin;5;Derek Murray (soccer)
Stephen Gough (footballer);/people/person/place_of_birth;Dublin;5;Stephen Gough (footballer)
John Allen (Irish nationalist);/people/person/place_of_birth;Dublin;-3;John Allen (Irish nationalist)
Ed Pimm;/people/person/place_of_birth;Dublin;-5;Ed Pimm
Lee King;/people/person/place_of_birth;Dublin;5;Lee King
Richard Collins, Baron Collins;/people/person/place_of_birth;Dublin;5;Richard Collins, Baron Collins
Dave Connell;/people/person/place_of_birth;Dublin;5;Dave Connell
Alan Aboud;/people/person/place_of_birth;Dublin;5;Alan Aboud
Heartsill Ragon;/people/person/place_of_birth;Dublin;-5;Heartsill Ragon
Graham Doyle;/people/person/place_of_birth;Dublin;5;Graham Doyle
Martin Duffy (footballer);/people/person/place_of_birth;Dublin;5;Martin Duffy (footballer)
Brian O'Riordan;/people/person/place_of_birth;Dublin;5;Brian O'Riordan
Terry Eviston;/people/person/place_of_birth;Dublin;5;Terry Eviston
Walley Chamberlain Oulton;/people/person/place_of_birth;Dublin;5;Walley Chamberlain Oulton
Shay Gibbons;/people/person/place_of_birth;Dublin;5;Shay Gibbons
William Sadler (painter);/people/person/place_of_birth;Dublin;-5;William Sadler (painter)
Catherine Wellesley, Duchess of Wellington;/people/person/place_of_birth;Dublin;5;Catherine Wellesley, Duchess of Wellington
John O'Conor;/people/person/place_of_birth;Dublin;5;John O'Conor
Marcus Tuite;/people/person/place_of_birth;Dublin;3;Marcus Tuite
Gladys Henson;/people/person/place_of_birth;Dublin;5;Gladys Henson
Leslie Paul;/people/person/place_of_birth;Dublin;5;Leslie Paul
John Savage (Fenian);/people/person/place_of_birth;Dublin;5;John Savage (Fenian)
Henry Bernard Carpenter;/people/person/place_of_birth;Dublin;3;Henry Bernard Carpenter
John Sheridan Hogan;/people/person/place_of_birth;Dublin;-5;John Sheridan Hogan
Paddy Crowley;/people/person/place_of_birth;Dublin;5;Paddy Crowley
Jimmy Gregg;/people/person/place_of_birth;Dublin;5;Jimmy Gregg
John Henry (spy);/people/person/place_of_birth;Dublin;3;John Henry (spy)
Alfred Downward;/people/person/place_of_birth;Melbourne;5;Alfred Downward
Michael Birt;/people/person/place_of_birth;Melbourne;5;Michael Birt
Shane Price;/people/person/place_of_birth;Melbourne;5;Shane Price
Victoria LePage;/people/person/place_of_birth;Melbourne;5;Victoria LePage
Jennifer Holliday (softball);/people/person/place_of_birth;Melbourne;5;Jennifer Holliday (softball)
Mary Cecil Allen;/people/person/place_of_birth;Melbourne;5;Mary Cecil Allen
Roy Dalgarno;/people/person/place_of_birth;Melbourne;5;Roy Dalgarno
Maggie Fitzgibbon;/people/person/place_of_birth;Melbourne;5;Maggie Fitzgibbon
Robert Moss;/people/person/place_of_birth;Melbourne;5;Robert Moss
George Johnston (general);/people/person/place_of_birth;Melbourne;5;George Johnston (general)
Winifred Lewellin James;/people/person/place_of_birth;Melbourne;-3;Winifred Lewellin James
Adam Bright;/people/person/place_of_birth;Melbourne;5;Adam Bright
Daniel Sproule;/people/person/place_of_birth;Melbourne;5;Daniel Sproule
Nicholas Colla;/people/person/place_of_birth;Melbourne;5;Nicholas Colla
Carey Beebe;/people/person/place_of_birth;Melbourne;5;Carey Beebe
Amber Parkinson;/people/person/place_of_birth;Melbourne;5;Amber Parkinson
Simon Gerada;/people/person/place_of_birth;Melbourne;5;Simon Gerada
Brett Hayman;/people/person/place_of_birth;Melbourne;5;Brett Hayman
Rodney Cocks;/people/person/place_of_birth;Melbourne;5;Rodney Cocks
Michael Guider;/people/person/place_of_birth;Melbourne;5;Michael Guider
David Sander;/people/person/place_of_birth;Melbourne;5;David Sander
Herbert Postle;/people/person/place_of_birth;Melbourne;5;Herbert Postle
Luke Youlden;/people/person/place_of_birth;Melbourne;5;Luke Youlden
Rodney de Gruchy;/people/person/place_of_birth;Melbourne;5;Rodney de Gruchy
Kate Richardson (athlete);/people/person/place_of_birth;Melbourne;5;Kate Richardson (athlete)
Jennifer Huppert;/people/person/place_of_birth;Melbourne;3;Jennifer Huppert
Nicole Richardson;/people/person/place_of_birth;Melbourne;5;Nicole Richardson
Justine Smethurst;/people/person/place_of_birth;Melbourne;5;Justine Smethurst
Martin Brown (artist);/people/person/place_of_birth;Melbourne;5;Martin Brown (artist)
Joanne Fox;/people/person/place_of_birth;Melbourne;5;Joanne Fox
Ashley Gilbertson;/people/person/place_of_birth;Melbourne;5;Ashley Gilbertson
Diana Trask;/people/person/place_of_birth;Melbourne;5;Diana Trask
Matthew Kent;/people/person/place_of_birth;Melbourne;5;Matthew Kent
William Dexter;/people/person/place_of_birth;Melbourne;-3;William Dexter
Harry James Angus;/people/person/place_of_birth;Melbourne;5;Harry James Angus
Jane Tanner;/people/person/place_of_birth;Melbourne;5;Jane Tanner
Gordon Edward Corbould;/people/person/place_of_birth;Toronto;5;Gordon Edward Corbould
Alastair Sweeny;/people/person/place_of_birth;Toronto;5;Alastair Sweeny
John William Thomson;/people/person/place_of_birth;Toronto;5;John William Thomson
Linda MacLennan;/people/person/place_of_birth;Toronto;5;Linda MacLennan
David Bourque;/people/person/place_of_birth;Toronto;-3;David Bourque
Catherine Winder;/people/person/place_of_birth;Toronto;-5;Catherine Winder
George Snell (bishop);/people/person/place_of_birth;Toronto;5;George Snell (bishop)
Erna Paris;/people/person/place_of_birth;Toronto;5;Erna Paris
Ellie Tesher;/people/person/place_of_birth;Toronto;5;Ellie Tesher
Steven Hayward (Canadian writer);/people/person/place_of_birth;Toronto;5;Steven Hayward (Canadian writer)
Lorne Resnick;/people/person/place_of_birth;Toronto;5;Lorne Resnick
David Empringham;/people/person/place_of_birth;Toronto;5;David Empringham
Lorne Rubenstein;/people/person/place_of_birth;Toronto;5;Lorne Rubenstein
Ronnie Le Drew;/people/person/place_of_birth;Toronto;5;Ronnie Le Drew
Lorraine Leckie;/people/person/place_of_birth;Toronto;-5;Lorraine Leckie
Albert Pratz;/people/person/place_of_birth;Toronto;5;Albert Pratz
Harry Chadwick;/people/person/place_of_birth;Toronto;5;Harry Chadwick
Jack Blum;/people/person/place_of_birth;Toronto;5;Jack Blum
Graph Nobel;/people/person/place_of_birth;Toronto;5;Graph Nobel
William Leeming Harrison;/people/person/place_of_birth;Toronto;-3;William Leeming Harrison
John Smith (poet);/people/person/place_of_birth;Toronto;5;John Smith (poet)
John Cole (politician);/people/person/place_of_birth;Toronto;5;John Cole (politician)
Austin Lloyd Fleming;/people/person/place_of_birth;Toronto;5;Austin Lloyd Fleming
John Josiah Robinette;/people/person/place_of_birth;Toronto;5;John Josiah Robinette
Biff Mitchell;/people/person/place_of_birth;Toronto;5;Biff Mitchell
Bartle Brennen Bull;/people/person/place_of_birth;Toronto;5;Bartle Brennen Bull
Kim Ondaatje;/people/person/place_of_birth;Toronto;5;Kim Ondaatje
Murray McEachern;/people/person/place_of_birth;Toronto;5;Murray McEachern
Kenneth William Junor;/people/person/place_of_birth;Toronto;5;Kenneth William Junor
David Hackl;/people/person/place_of_birth;Toronto;5;David Hackl
Arthur N. Martin;/people/person/place_of_birth;Toronto;5;Arthur N. Martin
John Dodington;/people/person/place_of_birth;Toronto;5;John Dodington
Frank E. Holmes;/people/person/place_of_birth;Toronto;-3;Frank E. Holmes
Alan Welsh;/people/person/place_of_birth;Edinburgh;5;Alan Welsh
James Balfour (philosopher);/people/person/place_of_birth;Edinburgh;-5;James Balfour (philosopher)
John Thomas Rochead;/people/person/place_of_birth;Edinburgh;5;John Thomas Rochead
James Hogg (publisher);/people/person/place_of_birth;Edinburgh;-5;James Hogg (publisher)
Thomas Tod Stoddart;/people/person/place_of_birth;Edinburgh;5;Thomas Tod Stoddart
Gillian Cooke;/people/person/place_of_birth;Edinburgh;3;Gillian Cooke
John Donaldson (painter);/people/person/place_of_birth;Edinburgh;5;John Donaldson (painter)
George Hurst;/people/person/place_of_birth;Edinburgh;5;George Hurst
William Skirving;/people/person/place_of_birth;Edinburgh;-5;William Skirving
Julian Paynter;/people/person/place_of_birth;Edinburgh;5;Julian Paynter
John Cobbett;/people/person/place_of_birth;Edinburgh;5;John Cobbett
George Mudie (Owenite);/people/person/place_of_birth;Edinburgh;5;George Mudie (Owenite)
Sir Andrew Agnew, 8th Baronet;/people/person/place_of_birth;Edinburgh;5;Sir Andrew Agnew, 8th Baronet
Roger Sinclair Aytoun;/people/person/place_of_birth;Edinburgh;5;Roger Sinclair Aytoun
Scott Cleverdon;/people/person/place_of_birth;Edinburgh;5;Scott Cleverdon
Robert Hamilton Paterson;/people/person/place_of_birth;Edinburgh;5;Robert Hamilton Paterson
George Henderson (architect);/people/person/place_of_birth;Edinburgh;5;George Henderson (architect)
Walter Elliot (Scottish naturalist);/people/person/place_of_birth;Edinburgh;5;Walter Elliot (Scottish naturalist)
John Cameron (Reformed Presbyterian);/people/person/place_of_birth;Edinburgh;-5;John Cameron (Reformed Presbyterian)
James O. Clephane;/people/person/place_of_birth;Edinburgh;-3;James O. Clephane
Joseph Hislop;/people/person/place_of_birth;Edinburgh;5;Joseph Hislop
Alexander Smith (chemist);/people/person/place_of_birth;Edinburgh;5;Alexander Smith (chemist)
Mike Peden;/people/person/place_of_birth;Edinburgh;5;Mike Peden
Mary MacLeod Banks;/people/person/place_of_birth;Edinburgh;5;Mary MacLeod Banks
Allan Stewart (artist);/people/person/place_of_birth;Edinburgh;5;Allan Stewart (artist)
Henry John Cody;/people/person/place_of_birth;Edinburgh;-3;Henry John Cody
Marcus Dods (musician);/people/person/place_of_birth;Edinburgh;5;Marcus Dods (musician)
Georgina Kennard;/people/person/place_of_birth;Edinburgh;5;Georgina Kennard
William Walker (engraver born 1791);/people/person/place_of_birth;Edinburgh;-5;William Walker (engraver born 1791)
Patrick Edward Dove;/people/person/place_of_birth;Edinburgh;-5;Patrick Edward Dove
Gary Callander;/people/person/place_of_birth;Edinburgh;5;Gary Callander
Carl Herman Kraeling;/people/person/place_of_birth;Brooklyn;5;Carl Herman Kraeling
Rebecca Pronsky;/people/person/place_of_birth;Brooklyn;5;Rebecca Pronsky
Borah Bergman;/people/person/place_of_birth;Brooklyn;5;Borah Bergman
Raymond Ericson;/people/person/place_of_birth;Brooklyn;5;Raymond Ericson
Seth Lipsky;/people/person/place_of_birth;Brooklyn;5;Seth Lipsky
Richard Cullen (attorney);/people/person/place_of_birth;Brooklyn;5;Richard Cullen (attorney)
Al Harewood;/people/person/place_of_birth;Brooklyn;5;Al Harewood
Jeffrey H. Cohen;/people/person/place_of_birth;Brooklyn;5;Jeffrey H. Cohen
Sy Landy;/people/person/place_of_birth;Brooklyn;5;Sy Landy
Peter C. Schultz;/people/person/place_of_birth;Brooklyn;5;Peter C. Schultz
Albert Warren Ferris;/people/person/place_of_birth;Brooklyn;5;Albert Warren Ferris
Matthew T. Abruzzo;/people/person/place_of_birth;Brooklyn;5;Matthew T. Abruzzo
Lucille Wallenrod;/people/person/place_of_birth;Brooklyn;5;Lucille Wallenrod
Leonard D. Wexler;/people/person/place_of_birth;Brooklyn;5;Leonard D. Wexler
Franco Gentilesca;/people/person/place_of_birth;Brooklyn;5;Franco Gentilesca
Joe Torres (journalist);/people/person/place_of_birth;Brooklyn;5;Joe Torres (journalist)
Bob Alberti;/people/person/place_of_birth;Brooklyn;5;Bob Alberti
Joe Ascione;/people/person/place_of_birth;Brooklyn;5;Joe Ascione
Stanley Newman;/people/person/place_of_birth;Brooklyn;-1;Stanley Newman
Stacy Barthe;/people/person/place_of_birth;Brooklyn;5;Stacy Barthe
Roger Q. Williams;/people/person/place_of_birth;Brooklyn;5;Roger Q. Williams
John Esposito (pianist);/people/person/place_of_birth;Brooklyn;5;John Esposito (pianist)
Leo C. Zeferetti;/people/person/place_of_birth;Brooklyn;5;Leo C. Zeferetti
Robert Stanley Breed;/people/person/place_of_birth;Brooklyn;-3;Robert Stanley Breed
Claire Burch;/people/person/place_of_birth;Brooklyn;5;Claire Burch
Ralph Schoenman;/people/person/place_of_birth;Brooklyn;5;Ralph Schoenman
Irving Fiske;/people/person/place_of_birth;Brooklyn;5;Irving Fiske
Bill Kaiserman;/people/person/place_of_birth;Brooklyn;5;Bill Kaiserman
Thomas Elliot Bowman III;/people/person/place_of_birth;Brooklyn;5;Thomas Elliot Bowman III
George E. Waldo;/people/person/place_of_birth;Brooklyn;5;George E. Waldo
Edward Raymond Neaher;/people/person/place_of_birth;Brooklyn;5;Edward Raymond Neaher
Adolf Jellinek;/people/person/place_of_birth;Budapest;-1;Adolf Jellinek
Ferenc A. Váli;/people/person/place_of_birth;Budapest;5;Ferenc A. Váli
Peter Hargitai;/people/person/place_of_birth;Budapest;5;Peter Hargitai
Imre Zachár;/people/person/place_of_birth;Budapest;5;Imre Zachár
Béla Glattfelder;/people/person/place_of_birth;Budapest;5;Béla Glattfelder
Berthold Weisz;/people/person/place_of_birth;Budapest;5;Berthold Weisz
Zoltan Kósz;/people/person/place_of_birth;Budapest;5;Zoltan Kósz
Ferenc Sipos;/people/person/place_of_birth;Budapest;5;Ferenc Sipos
Mihály Kovács;/people/person/place_of_birth;Budapest;5;Mihály Kovács
László Z. Bitó;/people/person/place_of_birth;Budapest;5;László Z. Bitó
Árpád Soós;/people/person/place_of_birth;Budapest;5;Árpád Soós
Zoltán Benkő;/people/person/place_of_birth;Budapest;5;Zoltán Benkő
Adrienn Bende;/people/person/place_of_birth;Budapest;5;Adrienn Bende
Katalin Karády;/people/person/place_of_birth;Budapest;5;Katalin Karády
Péter Lendvay;/people/person/place_of_birth;Budapest;5;Péter Lendvay
Andrea Mátay;/people/person/place_of_birth;Budapest;5;Andrea Mátay
Zsolt Hamar;/people/person/place_of_birth;Budapest;5;Zsolt Hamar
Zoltán Szilády;/people/person/place_of_birth;Budapest;5;Zoltán Szilády
György Bródy;/people/person/place_of_birth;Budapest;5;György Bródy
Charles Weissmann;/people/person/place_of_birth;Budapest;5;Charles Weissmann
Ákos Császár;/people/person/place_of_birth;Budapest;5;Ákos Császár
Dávid Kovács;/people/person/place_of_birth;Budapest;5;Dávid Kovács
Ferenc Mérei;/people/person/place_of_birth;Budapest;5;Ferenc Mérei
Ilus Vay;/people/person/place_of_birth;Budapest;5;Ilus Vay
Endre Csillag;/people/person/place_of_birth;Budapest;5;Endre Csillag
Csaba Őry;/people/person/place_of_birth;Budapest;5;Csaba Őry
Elemér Terták;/people/person/place_of_birth;Budapest;5;Elemér Terták
Károly Varga;/people/person/place_of_birth;Budapest;5;Károly Varga
Samuel Löw Brill;/people/person/place_of_birth;Budapest;5;Samuel Löw Brill
Bódog Török;/people/person/place_of_birth;Budapest;5;Bódog Török
George Clifford Sziklai;/people/person/place_of_birth;Budapest;5;George Clifford Sziklai
Elizabeth McClintock;/people/person/place_of_birth;Los Angeles;5;Elizabeth McClintock
Danny LaPorte;/people/person/place_of_birth;Los Angeles;5;Danny LaPorte
Michael D. Rich;/people/person/place_of_birth;Los Angeles;-5;Michael D. Rich
Carl W. Ernst;/people/person/place_of_birth;Los Angeles;5;Carl W. Ernst
Roy Seawright;/people/person/place_of_birth;Los Angeles;5;Roy Seawright
Chloe Franks;/people/person/place_of_birth;Los Angeles;5;Chloe Franks
Elisa Kleven;/people/person/place_of_birth;Los Angeles;-5;Elisa Kleven
Russ Titelman;/people/person/place_of_birth;Los Angeles;5;Russ Titelman
Phil Pardee;/people/person/place_of_birth;Los Angeles;5;Phil Pardee
Teron Beal;/people/person/place_of_birth;Los Angeles;1;Teron Beal
Anne Triola;/people/person/place_of_birth;Los Angeles;5;Anne Triola
Yehuda Hyman;/people/person/place_of_birth;Los Angeles;5;Yehuda Hyman
Max D. Adams;/people/person/place_of_birth;Los Angeles;5;Max D. Adams
2009–2011 detention of American hikers by Iran;/people/person/place_of_birth;Los Angeles;-3;2009–2011 detention of American hikers by Iran
Albert Braun;/people/person/place_of_birth;Los Angeles;-5;Albert Braun
Harold Meyerson;/people/person/place_of_birth;Los Angeles;5;Harold Meyerson
Bill Campbell (California politician);/people/person/place_of_birth;Los Angeles;5;Bill Campbell (California politician)
Eric Bailey (basketball);/people/person/place_of_birth;Los Angeles;5;Eric Bailey (basketball)
Michael Edelstein;/people/person/place_of_birth;Los Angeles;5;Michael Edelstein
Kevin Kennedy (baseball);/people/person/place_of_birth;Los Angeles;5;Kevin Kennedy (baseball)
Mentor Huebner;/people/person/place_of_birth;Los Angeles;5;Mentor Huebner
Robert Bradshaw (figure skater);/people/person/place_of_birth;Los Angeles;5;Robert Bradshaw (figure skater)
Norman L. Eisen;/people/person/place_of_birth;Los Angeles;5;Norman L. Eisen
Jolene Brand;/people/person/place_of_birth;Los Angeles;5;Jolene Brand
Jesse Leon McCann;/people/person/place_of_birth;Los Angeles;5;Jesse Leon McCann
David Hammerstein Mintz;/people/person/place_of_birth;Los Angeles;5;David Hammerstein Mintz
Andy Park (musician);/people/person/place_of_birth;Los Angeles;5;Andy Park (musician)
Jimmy Greenspoon;/people/person/place_of_birth;Los Angeles;5;Jimmy Greenspoon
Jack Aranson;/people/person/place_of_birth;Los Angeles;5;Jack Aranson
